Name,Genus,Species,Tested_for_Alkaloids,Alkaloids,Ref_Alks,Antimalarial_Use,Ref_H_Mal,History_Fever,Ref_H_Fever,Activity_Antimalarial,Ref_Activity,Family
Adina cordifolia (Roxb.) Brandis,Adina,cordifolia (Roxb.) Brandis,Yes,Yes,2,,,,,,,Rubiaceae
Adina eurhyncha (Miq.) Å. Krüger & Löfstrand,Adina,eurhyncha (Miq.) Å. Krüger & Löfstrand,Yes,Yes,1,,,,,,,Rubiaceae
Adina multifolia Havil.,Adina,multifolia Havil.,Yes,Yes,39,,,,,,,Rubiaceae
Adina pilulifera (Lam.) Franch. ex Drake,Adina,pilulifera (Lam.) Franch. ex Drake,Yes,Yes,39,,,,,,,Rubiaceae
Adina rubella Hance,Adina,rubella Hance,Yes,Yes,3,,,,,,,Rubiaceae
Adina trichotoma (Zoll. & Moritzi) Benth. & Hook. f. ex B. D. Jacks.,Adina,trichotoma (Zoll. & Moritzi) Benth. & Hook. f. ex B. D. Jacks.,Yes,Yes,39,,,,,,,Rubiaceae
Adolphoduckea maynensis (Poepp. & Endl.) Paudyal & Delprete,Adolphoduckea,maynensis (Poepp. & Endl.) Paudyal & Delprete,,,,Yes,209,,,,,Rubiaceae
Agathisanthemum bojeri Klotzsch,Agathisanthemum,bojeri Klotzsch,,,,Yes,5,,,Inactive,5,Rubiaceae
Agathisanthemum globosum (Hochst. ex A. Rich.) Klotzsch,Agathisanthemum,globosum (Hochst. ex A. Rich.) Klotzsch,,,,Yes,6,,,,,Rubiaceae
Alibertia dwyeri Delprete & C. H. Perss.,Alibertia,dwyeri Delprete & C. H. Perss.,Yes,No,68,,,,,,,Rubiaceae
Alibertia edulis (Rich.) A. Rich. ex DC.,Alibertia,edulis (Rich.) A. Rich. ex DC.,Yes,Yes,7/68,Yes,209,,,,,Rubiaceae
Alibertia latifolia (Benth.) K.Schum.,Alibertia,latifolia (Benth.) K.Schum.,,,,Yes,209,,,,,Rubiaceae
Alseis blackiana Hemsl.,Alseis,blackiana Hemsl.,Yes,Yes,68,,,,,,,Rubiaceae
Amaioua glomerulata (Lam. ex Poir.) Delprete & C. H. Perss.,Amaioua,glomerulata (Lam. ex Poir.) Delprete & C. H. Perss.,Yes,Yes,68,,,,,Inactive,158,Rubiaceae
Amaioua guianensis Aubl.,Amaioua,guianensis Aubl.,Yes,Yes,8,,,,,,,Rubiaceae
Amaioua magnicarpa Dwyer,Amaioua,magnicarpa Dwyer,Yes,Yes,68,,,,,,,Rubiaceae
Amaioua pedicellata Dwyer,Amaioua,pedicellata Dwyer,Yes,Yes,68,,,,,,,Rubiaceae
Anthospermum emirnense Bak.,Anthospermum,emirnense Bak.,,,,Yes,65,,,,,Rubiaceae
Anthospermum perrieri Homolle ex Puff,Anthospermum,perrieri Homolle ex Puff,,,,,,,,,,Rubiaceae
Antirhea putaminosa (F. Muell.) F. Muell.,Antirhea,putaminosa (F. Muell.) F. Muell.,Yes,Yes,10,,,,,,,Rubiaceae
Aoranthe cladantha (K. Schum.) Somers,Aoranthe,cladantha (K. Schum.) Somers,,,,Yes,143,,,Inactive,143,Rubiaceae
Arachnothryx bertieroides (Standl.) Borhidi,Arachnothryx,bertieroides (Standl.) Borhidi,Yes,Yes,68,,,,,,,Rubiaceae
Arachnothryx buddleioides (Brenth.) Planch.,Arachnothryx,buddleioides (Brenth.) Planch.,Yes,Yes,68,,,,,,,Rubiaceae
Arachnothryx chiriquiana (Lorence) Borhidi,Arachnothryx,chiriquiana (Lorence) Borhidi,Yes,No,68,,,,,,,Rubiaceae
Arachnothryx secunda (Standl.) Borhidi,Arachnothryx,secunda (Standl.) Borhidi,Yes,Yes,68,,,,,,,Rubiaceae
Arcytophyllum lavarum K. Schum. ex Standl.,Arcytophyllum,lavarum K. Schum. ex Standl.,Yes,Yes,68,,,,,,,Rubiaceae
Argostemma yappii King,Argostemma,yappii King,Yes,Yes,12,,,,,,,Rubiaceae
Asperula nitida subsp. subcapitellata Ehrend.,Asperula,nitida subsp. subcapitellata Ehrend.,,,,,,,,Active,13,Rubiaceae
Augusta longifolia (Spreng.) Rehder,Augusta,longifolia (Spreng.) Rehder,Yes,No,268,,,,,,,Rubiaceae
Bathysa australis (A. St.-Hil.) K. Schum.,Bathysa,australis (A. St.-Hil.) K. Schum.,Yes,Yes,16,Yes,209,,,,,Rubiaceae
Bertiera borbonica A. Rich. ex DC.,Bertiera,borbonica A. Rich. ex DC.,,,,,,,,Inactive,17,Rubiaceae
Bertiera bracteosa (Donn. Sm.) B. Ståhl & L. Andersson,Bertiera,bracteosa (Donn. Sm.) B. Ståhl & L. Andersson,Yes,Yes,68,,,,,,,Rubiaceae
Bertiera guianensis Aubl.,Bertiera,guianensis Aubl.,Yes,Yes,68,,,,,,,Rubiaceae
Bothriospora corymbosa (Benth.) Hook. f.,Bothriospora,corymbosa (Benth.) Hook. f.,Yes,Yes,200,,,,,,,Rubiaceae
Bouvardia ternifolia (Val.) Schltdl.,Bouvardia,ternifolia (Val.) Schltdl.,Yes,Yes,201,,,,,,,Rubiaceae
Breonadia salicina (Vahl) Hepper & J. R. I. Wood,Breonadia,salicina (Vahl) Hepper & J. R. I. Wood,Yes,Yes,39,Yes,65,,,,,Rubiaceae
Breonia perrieri Homolle,Breonia,perrieri Homolle,Yes,Yes,39,,,,,,,Rubiaceae
Breonia sphaerantha (Baill.) Homolle ex Ridsdale,Breonia,sphaerantha (Baill.) Homolle ex Ridsdale,Yes,Yes,39,,,,,,,Rubiaceae
Burchellia bubalina (L.F.) Sims,Burchellia,bubalina (L.F.) Sims,,,,,,,,Inactive,190,Rubiaceae
Calycophyllum candidissimum (Vahl) DC.,Calycophyllum,candidissimum (Vahl) DC.,Yes,Yes,68,,,,,,,Rubiaceae
Calycophyllum megistocaulum (K.Krause) C.M.Taylor,Calycophyllum,megistocaulum (K.Krause) C.M.Taylor,,,,Yes,209,,,,,Rubiaceae
Calycophyllum multiflorum Griseb.,Calycophyllum,multiflorum Griseb.,,,,Yes,209,,,Inactive,31,Rubiaceae
Calycophyllum spruceanum (Benth.) Hook. f. ex K. Schum.,Calycophyllum,spruceanum (Benth.) Hook. f. ex K. Schum.,,,,Yes,209,,,,,Rubiaceae
Canthium coromandelicum (Burm. f.) Alston,Canthium,coromandelicum (Burm. f.) Alston,Yes,Yes,28,,,,,,,Rubiaceae
Canthium glaucum Hiern,Canthium,glaucum Hiern,Yes,Yes,20,Yes,6,,,Active,20,Rubiaceae
Capirona macrophylla (poepp.) Delprete,Capirona,macrophylla (poepp.) Delprete,,,,Yes,"31, 209",,,Inactive,31,Rubiaceae
Carapichea affinis (Standl.) L. Andersson,Carapichea,affinis (Standl.) L. Andersson,Yes,Yes,33,,,,,Active,KN/264,Rubiaceae
Carapichea ipecacuanha (Brot.) L. Andersson,Carapichea,ipecacuanha (Brot.) L. Andersson,Yes,Yes,32,Yes,"165, 209",,,Active,KN/264,Rubiaceae
Carapichea klugii (Standl.) C. M. Taylor,Carapichea,klugii (Standl.) C. M. Taylor,Yes,Yes,72,,,,,"Active [188, 264]","188, KN/264",Rubiaceae
Catunaregam nilotica (Stapf) Tirveng.,Catunaregam,nilotica (Stapf) Tirveng.,Yes,Yes,183,Yes,184,,,,,Rubiaceae
Catunaregam spinosa (Thunb.) Tirveng.,Catunaregam,spinosa (Thunb.) Tirveng.,Yes,Yes,34,,,,,,,Rubiaceae
Catunaregam tomentosa (Blume ex DC.) Tirveng.,Catunaregam,tomentosa (Blume ex DC.) Tirveng.,Yes,Yes,36,,,,,,,Rubiaceae
Cephalanthus glabratus (Spreng.) K. Schum.,Cephalanthus,glabratus (Spreng.) K. Schum.,Yes,Yes,37/38,,,,,,,Rubiaceae
Cephalanthus natalensis Oliv.,Cephalanthus,natalensis Oliv.,Yes,Yes,39,,,,,Inactive,190,Rubiaceae
Cephalanthus occidentalis L.,Cephalanthus,occidentalis L.,Yes,Yes,37/38,,,,,,,Rubiaceae
Cephalanthus salicifolius Humb. & Bonpl.,Cephalanthus,salicifolius Humb. & Bonpl.,Yes,Yes,39,,,,,,,Rubiaceae
Cephalanthus tetrandra (Roxb.) Ridsdale & Bakh. f.,Cephalanthus,tetrandra (Roxb.) Ridsdale & Bakh. f.,Yes,Yes,39,,,,,,,Rubiaceae
Chassalia curviflora (Wall.) Thwaites,Chassalia,curviflora (Wall.) Thwaites,Yes,Yes,40,,,,,,,Rubiaceae
Chassalia kolly (Schumach.) Hepper,Chassalia,kolly (Schumach.) Hepper,Yes,Yes,41,,,,,,,Rubiaceae
Chassalia umbraticola Vatke,Chassalia,umbraticola Vatke,,,,Yes,205,,,,,Rubiaceae
Chimarrhis cymosa Jacq.,Chimarrhis,cymosa Jacq.,Yes,Yes,43,,,,,,,Rubiaceae
Chimarrhis hookeri K.Schum.,Chimarrhis,hookeri K.Schum.,,,,Yes,209,,,,,Rubiaceae
Chimarrhis parviflora Standl.,Chimarrhis,parviflora Standl.,Yes,Yes,68,,,,,,,Rubiaceae
Chimarrhis turbinata DC.,Chimarrhis,turbinata DC.,Yes,Yes,42,Yes,209/210,,,Inactive,210,Rubiaceae
Chiococca alba (L.) Hitchc.,Chiococca,alba (L.) Hitchc.,Yes,Yes,44,Yes,209,,,,,Rubiaceae
Chiococca belizensis Lundell,Chiococca,belizensis Lundell,Yes,No,68,,,,,,,Rubiaceae
Chiococca phaenostemon Schltdl.,Chiococca,phaenostemon Schltdl.,Yes,No,68,,,,,,,Rubiaceae
Chione venosa (Sw.) Urb.,Chione,venosa (Sw.) Urb.,Yes,Yes,211,,,,,,,Rubiaceae
Ciliosemina pedunculata (H. Karst.) Antonelli,Ciliosemina,pedunculata (H. Karst.) Antonelli,Yes,Yes,102/212,Yes,"18, 209",Yes,,Active,18,Rubiaceae
Ciliosemina purdieana (Wedd.) Antonelli,Ciliosemina,purdieana (Wedd.) Antonelli,Yes,Yes,213,Yes,209,,,,,Rubiaceae
Cinchona barbacoensis H. Karst.,Cinchona,barbacoensis H. Karst.,,,,Yes,209,,,,,Rubiaceae
Cinchona calisaya Wedd.,Cinchona,calisaya Wedd.,Yes,Yes,"102, 262",Yes,14/65,Yes,14,Active,,Rubiaceae
Cinchona glandulifera,Cinchona,glandulifera,Yes,Yes,263,,,,,,,Rubiaceae
Cinchona hirsuta Ruiz & Pav.,Cinchona,hirsuta Ruiz & Pav.,,,,Yes,209,,,,,Rubiaceae
Cinchona lancifolia Mutis,Cinchona,lancifolia Mutis,Yes,Yes,262,Yes,209,,,Active,,Rubiaceae
Cinchona lucumifolia Pav. ex Lindl.,Cinchona,lucumifolia Pav. ex Lindl.,,,,Yes,209,,,,,Rubiaceae
Cinchona macrocalyx Pav. ex DC.,Cinchona,macrocalyx Pav. ex DC.,Yes,Yes,262,Yes,209,,,Active,,Rubiaceae
Cinchona micrantha,Cinchona,micrantha,Yes,Yes,262,,,,,Active,,Rubiaceae
Cinchona mutisii Lamb.,Cinchona,mutisii Lamb.,,,,Yes,209,,,,,Rubiaceae
Cinchona nitida,Cinchona,nitida,Yes,Yes,262,,,,,Active,,Rubiaceae
Cinchona officinalis L.,Cinchona,officinalis L.,Yes,Yes,KN,Yes,65/ 76,,,Active,210,Rubiaceae
Cinchona parabolica,Cinchona,parabolica,Yes,Yes,263,,,,,,,Rubiaceae
Cinchona pitayensis (Wedd.) Wedd.,Cinchona,pitayensis (Wedd.) Wedd.,Yes,Yes,262,Yes,209,,,Active,,Rubiaceae
Cinchona pubescens Vahl,Cinchona,pubescens Vahl,Yes,Yes,"KN, 68",Yes,65/181,Yes,181,Active,191,Rubiaceae
Cinchona villosa,Cinchona,villosa,Yes,Yes,262,,,,,Active,,Rubiaceae
Coccocypselum guianense (Aubl.) K. Schum.,Coccocypselum,guianense (Aubl.) K. Schum.,Yes,Yes,68,,,,,,,Rubiaceae
Coccocypselum herbaceum P. Browne ex Aubl.,Coccocypselum,herbaceum P. Browne ex Aubl.,Yes,Yes,68,,,,,,,Rubiaceae
Coccocypselum hirsutum Bartl. ex DC.,Coccocypselum,hirsutum Bartl. ex DC.,Yes,Yes,68,,,,,,,Rubiaceae
Coccocypselum hispidulum (Standl.) Standl.,Coccocypselum,hispidulum (Standl.) Standl.,Yes,Yes,68,,,,,,,Rubiaceae
Coelospermum balansanum Baill.,Coelospermum,balansanum Baill.,Yes,Yes,214,,,,,,,Rubiaceae
Coffea arabica L.,Coffea,arabica L.,Yes,Yes,"KN, 47",Yes,209,Yes,14,Inactive,45,Rubiaceae
Coffea benghalensis B. Heyne ex Roth,Coffea,benghalensis B. Heyne ex Roth,Yes,Yes,46,,,,,,,Rubiaceae
Coffea canephora Pierre ex A. Froehner,Coffea,canephora Pierre ex A. Froehner,Yes,Yes,"KN, 48",Yes,203,,,,,Rubiaceae
Coffea eugenioides S.Moore,Coffea,eugenioides S.Moore,Yes,Yes,KN,,,,,,,Rubiaceae
Coffea kianjavatensis J.-F. Leroy,Coffea,kianjavatensis J.-F. Leroy,Yes,Yes,49,,,,,,,Rubiaceae
Coffea liberica W.Bull,Coffea,liberica W.Bull,Yes,Yes,KN,,,,,,,Rubiaceae
Coffea liberica var. dewevrei (De. Wild. & T. Durand) Lebrun,Coffea,liberica var. dewevrei (De. Wild. & T. Durand) Lebrun,Yes,Yes,50,,,,,,,Rubiaceae
Coffea mauritiana Lam.,Coffea,mauritiana Lam.,,,,,,,,Inactive,17,Rubiaceae
Coffea racemosa Lour.,Coffea,racemosa Lour.,Yes,Yes,KN,,,,,,,Rubiaceae
Coffea salvatrix Swynn. & Philipson`,Coffea,salvatrix Swynn. & Philipson`,Yes,Yes,KN,,,,,,,Rubiaceae
Condaminea corymbosa (Ruiz & Pav.) DC.,Condaminea,corymbosa (Ruiz & Pav.) DC.,Yes,Yes,68,,,,,,,Rubiaceae
Coptosapelta tomentosa (Blume) Valeton ex K.Heyne,Coptosapelta,tomentosa (Blume) Valeton ex K.Heyne,Yes,Yes,215,,,,,,,Rubiaceae
Coptosperma graveolens (S. Moore) Degreef,Coptosperma,graveolens (S. Moore) Degreef,,,,Yes,177,,,Inactive,177,Rubiaceae
Cordiera sessilis (Vell.) Kuntze,Cordiera,sessilis (Vell.) Kuntze,Yes,Yes,51,,,,,,,Rubiaceae
Corynanthe johimbe K. Schum.,Corynanthe,johimbe K. Schum.,Yes,Yes,102,,,,,,,Rubiaceae
Corynanthe pachyceras K. Schum.,Corynanthe,pachyceras K. Schum.,Yes,Yes,52,,,,,Inactive,52,Rubiaceae
Cosmibuena grandiflora (Ruiz & Pav.) Rusby,Cosmibuena,grandiflora (Ruiz & Pav.) Rusby,Yes,Yes,68,Yes,"109, 209",,,,,Rubiaceae
Cosmibuena valerii (Standl.) C. M. Taylor,Cosmibuena,valerii (Standl.) C. M. Taylor,Yes,Yes,68,,,,,,,Rubiaceae
Coussarea macrophylla (Mart.) Müll.Arg.,Coussarea,macrophylla (Mart.) Müll.Arg.,,,,,,,,,,Rubiaceae
Coussarea suaveolens (Duchass. ex Griseb.) C. M. Taylor,Coussarea,suaveolens (Duchass. ex Griseb.) C. M. Taylor,,,,,,,,Inactive,158,Rubiaceae
Coutarea hexandra (Jacq.) K. Schum,Coutarea,hexandra (Jacq.) K. Schum,Yes,Yes,68,Yes,"14, 209",Yes,14,,,Rubiaceae
Craterispermum laurinum (Poir.) Benth.,Craterispermum,laurinum (Poir.) Benth.,Yes,Yes,57,Yes,56/62,,,,,Rubiaceae
Cremaspora triflora (Thonn.) K.Schum.,Cremaspora,triflora (Thonn.) K.Schum.,Yes,Yes,216,,,,,,,Rubiaceae
Crossopteryx febrifuga (Afzel. ex G. Don) Benth.,Crossopteryx,febrifuga (Afzel. ex G. Don) Benth.,Yes,Yes,59,Yes,59/62/135,,,Active [59],30/59,Rubiaceae
Cuviera longiflora Hiern,Cuviera,longiflora Hiern,,,,,,,,Inactive,182,Rubiaceae
Danais breviflora Bak.,Danais,breviflora Bak.,,,,Yes,65,,,,,Rubiaceae
Danais cernua Bak.,Danais,cernua Bak.,,,,Yes,65,,,,,Rubiaceae
Danais fragrans Gaertn.,Danais,fragrans Gaertn.,,,,Yes,65,,,,,Rubiaceae
Danais verticillata Bak.,Danais,verticillata Bak.,,,,Yes,65,,,,,Rubiaceae
Danais xanthorrhoea (K. Schum.) Bremek,Danais,xanthorrhoea (K. Schum.) Bremek,,,,,,,,Inactive,66,Rubiaceae
Deppea blumenaviensis (K. Schum.) Lorence,Deppea,blumenaviensis (K. Schum.) Lorence,Yes,Yes,67,,,,,,,Rubiaceae
Deppea grandiflora Schltdl.,Deppea,grandiflora Schltdl.,Yes,Yes,68,,,,,,,Rubiaceae
Dimetia capitellata (Wall. ex G. Don) Neupane & N. Wikstr.,Dimetia,capitellata (Wall. ex G. Don) Neupane & N. Wikstr.,Yes,Yes,100,,,,,,,Rubiaceae
Dioicodendron dioicum (K. Schum. & K. Krause) Steyerm.,Dioicodendron,dioicum (K. Schum. & K. Krause) Steyerm.,,,,Yes,209,,,,,Rubiaceae
Diplospora dubia (Lindl.) Masa.,Diplospora,dubia (Lindl.) Masa.,Yes,Yes,174,,,,,,,Rubiaceae
Diyaminauclea zeylanica (Hook.f.) Ridsdale,Diyaminauclea,zeylanica (Hook.f.) Ridsdale,Yes,Yes,218,,,,,,,Rubiaceae
Dolichopentas longiflora (oliv.) Kårehed & B. Bremer,Dolichopentas,longiflora (oliv.) Kårehed & B. Bremer,,,,Yes,4,,,Inactive,5,Rubiaceae
Duroia macrophylla Huber,Duroia,macrophylla Huber,Yes,Yes,70,,,,,,,Rubiaceae
Edrastima uniflora (L.) Raf.,Edrastima,uniflora (L.) Raf.,Yes,Yes,99,,,,,,,Rubiaceae
Elaeagia auriculata Hemsl.,Elaeagia,auriculata Hemsl.,Yes,No,68,,,,,,,Rubiaceae
Elaeagia myriantha (Standl.) C. M. Taylor & Hammel,Elaeagia,myriantha (Standl.) C. M. Taylor & Hammel,Yes,Yes,68,,,,,,,Rubiaceae
Elaeagia nitidifolia Dwyer,Elaeagia,nitidifolia Dwyer,Yes,Yes,68,,,,,,,Rubiaceae
Emmenopterys henryi Oliv.,Emmenopterys,henryi Oliv.,Yes,Yes,71,,,,,,,Rubiaceae
Eumachia cymuligera (Müll. Arg.) C. M. Taylor & Razafim,Eumachia,cymuligera (Müll. Arg.) C. M. Taylor & Razafim,Yes,Yes,72/102,,,,,,,Rubiaceae
Eumachia depauperata (Müll.Arg.) M.R.V.Barbosa & M.S.Pereira,Eumachia,depauperata (Müll.Arg.) M.R.V.Barbosa & M.S.Pereira,Yes,Yes,72,,,,,,,Rubiaceae
"Eumachia forsteriana (A. Gray) Barrabé, C. M. Taylor & Razafim.",Eumachia,"forsteriana (A. Gray) Barrabé, C. M. Taylor & Razafim.",Yes,Yes,72/164,,,,,,,Rubiaceae
"Eumachia frutescens (C. T. White) Barrabé, C. M. Taylor & Razafim.",Eumachia,"frutescens (C. T. White) Barrabé, C. M. Taylor & Razafim.",Yes,Yes,72/113,,,,,,,Rubiaceae
"Eumachia leptothyrsa (Miq.) Barrabé, C.M.Taylor & Razafim.",Eumachia,"leptothyrsa (Miq.) Barrabé, C.M.Taylor & Razafim.",Yes,Yes,72,,,,,,,Rubiaceae
"Eumachia lyciiflora (Baill.) Barrabé, C. M. Taylor & Razafim.",Eumachia,"lyciiflora (Baill.) Barrabé, C. M. Taylor & Razafim.",Yes,Yes,72/102,,,,,,,Rubiaceae
"Eumachia oleoides (Baill.) Barrabé, C. M. Taylor & Razafim.",Eumachia,"oleoides (Baill.) Barrabé, C. M. Taylor & Razafim.",Yes,Yes,72/102,,,,,,,Rubiaceae
Eumachia rostrata (Blume) I. M. Turner,Eumachia,rostrata (Blume) I. M. Turner,Yes,Yes,72/162,,,,,,,Rubiaceae
"Eumachia straminea (Hutch.) Barrabé, C.M.Taylor & Razafim.",Eumachia,"straminea (Hutch.) Barrabé, C.M.Taylor & Razafim.",Yes,No,72,,,,,,,Rubiaceae
Exallage auricularia (L.) Bremek.,Exallage,auricularia (L.) Bremek.,Yes,Yes,99,,,,,,,Rubiaceae
Exallage chrysotricha (Palib.) Neupane & N. Wikstr.,Exallage,chrysotricha (Palib.) Neupane & N. Wikstr.,Yes,Yes,101,,,,,,,Rubiaceae
Exostema caribaeum (Jacq.) Schult.,Exostema,caribaeum (Jacq.) Schult.,,,,Yes,74,Yes,74,Active,196,Rubiaceae
Fadogia cienkowskii Schweinf.,Fadogia,cienkowskii Schweinf.,Yes,Yes,75,Yes,75,Yes,75,Active,75,Rubiaceae
Fadogia homblei De Wild.,Fadogia,homblei De Wild.,Yes,Yes,218,,,,,,,Rubiaceae
Fadogiella stigmatoloba (K. Schum.) Robyns,Fadogiella,stigmatoloba (K. Schum.) Robyns,,,,Yes,76,Yes,76,,,Rubiaceae
Faramea occidentalis (L.) A. Rich.,Faramea,occidentalis (L.) A. Rich.,Yes,Yes,77,,,,,Inactive,158,Rubiaceae
Ferdinandusa rudgeoides (Benth.) Wedd.,Ferdinandusa,rudgeoides (Benth.) Wedd.,,,,Yes,209,,,,,Rubiaceae
Feretia apodanthera Delile,Feretia,apodanthera Delile,Yes,Yes,78,Yes,25/135,,,Active,186,Rubiaceae
Gaertnera phanerophlebia,Gaertnera,phanerophlebia,,,,,,Yes,65,,,Rubiaceae
Galianthe ramosa E. L. Cabral.,Galianthe,ramosa E. L. Cabral.,Yes,Yes,79,,,,,,,Rubiaceae
Galianthe thalictroides (K. Schum.) E. L. Cabral,Galianthe,thalictroides (K. Schum.) E. L. Cabral,Yes,Yes,80,,,,,,,Rubiaceae
Galiniera saxifraga (Hochst.) Bridson,Galiniera,saxifraga (Hochst.) Bridson,Yes,Yes,81,,,,,,,Rubiaceae
Galium aparine L.,Galium,aparine L.,Yes,Yes,"KN, 82",,,,,,,Rubiaceae
Galium mollugo L.,Galium,mollugo L.,Yes,Yes,82,,,,,,,Rubiaceae
Galium verum L.,Galium,verum L.,Yes,Yes,82,,,,,,,Rubiaceae
Gardenia aqualla Stapf & Hutch.,Gardenia,aqualla Stapf & Hutch.,,,,Yes,135,,,,,Rubiaceae
Gardenia erubescens Stapf & Hutch.,Gardenia,erubescens Stapf & Hutch.,,,,Yes,202,,,,,Rubiaceae
Gardenia saxatilis E. T. Geddes,Gardenia,saxatilis E. T. Geddes,,,,,,,,Inactive,84,Rubiaceae
Gardenia sokotensis Hutch.,Gardenia,sokotensis Hutch.,,,,Yes,63/135,,,Active,63,Rubiaceae
Gardenia ternifolia Schumach. & Thonn.,Gardenia,ternifolia Schumach. & Thonn.,,,,Yes,62,,,Active,187,Rubiaceae
Gardenia ternifolia subsp. jovis-tonantis (Welw.) Verdc.,Gardenia,ternifolia subsp. jovis-tonantis (Welw.) Verdc.,,,,Yes,86,,,Active,86,Rubiaceae
Gardenia thunbergia Thunb.,Gardenia,thunbergia Thunb.,,,,Yes,87,,,Active,83,Rubiaceae
Gardenia urvillei Montrouz.,Gardenia,urvillei Montrouz.,,,,,,,,Active,85,Rubiaceae
Genipa americana L.,Genipa,americana L.,Yes,Yes,68,Yes,"88, 209",,,,,Rubiaceae
Geophila macropoda (Ruiz & Pav.) DC.,Geophila,macropoda (Ruiz & Pav.) DC.,Yes,Yes,72,,,,,,,Rubiaceae
Geophila obvallata (Schumach. & Thonn.) Didr.,Geophila,obvallata (Schumach. & Thonn.) Didr.,,,,Yes,62,,,,,Rubiaceae
Gonzalagunia ovatifolia (Donn. Sm.) B. L. Rob.,Gonzalagunia,ovatifolia (Donn. Sm.) B. L. Rob.,Yes,Yes,68,,,,,,,Rubiaceae
Gonzalagunia panamensis (Cav.) K. Schum.,Gonzalagunia,panamensis (Cav.) K. Schum.,Yes,Yes,68,,,,,,,Rubiaceae
Gonzalagunia rosea Standl.,Gonzalagunia,rosea Standl.,Yes,Yes,68,,,,,,,Rubiaceae
Gonzalagunia rudis (Standl.) Standl.,Gonzalagunia,rudis (Standl.) Standl.,Yes,Yes,68,,,,,,,Rubiaceae
Gonzalagunia stenostachya (Standl.) W. C. Burger,Gonzalagunia,stenostachya (Standl.) W. C. Burger,Yes,Yes,68,,,,,,,Rubiaceae
Greeniopsis sibuyanensis Elmer,Greeniopsis,sibuyanensis Elmer,Yes,Yes,219,,,,,,,Rubiaceae
Guettarda angelica Mart. ex Müll. Arg.,Guettarda,angelica Mart. ex Müll. Arg.,,,,Yes,209,,,,,Rubiaceae
Guettarda calyptrata A. Rich.,Guettarda,calyptrata A. Rich.,Yes,Yes,95,,,,,,,Rubiaceae
Guettarda elliptica Sw.,Guettarda,elliptica Sw.,Yes,Yes,96,,,,,,,Rubiaceae
Guettarda heterosepala Guillaumin,Guettarda,heterosepala Guillaumin,Yes,Yes,93,,,,,,,Rubiaceae
Guettarda platypoda DC.,Guettarda,platypoda DC.,Yes,Yes,220,,,,,,,Rubiaceae
Guettarda speciosa L.,Guettarda,speciosa L.,Yes,Yes,92,Yes,89,,,Inactive,89,Rubiaceae
Guettarda trimera Guillaumin,Guettarda,trimera Guillaumin,Yes,Yes,90,,,,,,,Rubiaceae
Guettarda uruguensis Cham. & Schltdl.,Guettarda,uruguensis Cham. & Schltdl.,Yes,Yes,94,,,,,,,Rubiaceae
Gyrostipula foveolata (Capuron) J.-F. Leroy,Gyrostipula,foveolata (Capuron) J.-F. Leroy,Yes,Yes,39,,,,,,,Rubiaceae
Hamelia axillaris Sw.,Hamelia,axillaris Sw.,Yes,Yes,7,Yes,209,,,,,Rubiaceae
Hamelia barbata Standl.,Hamelia,barbata Standl.,Yes,Yes,96,,,,,,,Rubiaceae
Hamelia calycosa Donn. Sm.,Hamelia,calycosa Donn. Sm.,Yes,Yes,68,,,,,,,Rubiaceae
Hamelia magnifolia Wernham,Hamelia,magnifolia Wernham,Yes,Yes,221,,,,,,,Rubiaceae
Hamelia patens Jacq.,Hamelia,patens Jacq.,Yes,Yes,"68, 222",Yes,"97, 209",,,,,Rubiaceae
Hamelia sanguinea Elias,Hamelia,sanguinea Elias,Yes,Yes,68,,,,,,,Rubiaceae
Hamelia xerocarpa Kuntze,Hamelia,xerocarpa Kuntze,Yes,Yes,68,,,,,,,Rubiaceae
Heinsia crinita (Wennberg) G. Taylor,Heinsia,crinita (Wennberg) G. Taylor,Yes,Yes,103/226,,,,,Inactive,103,Rubiaceae
Hexasepalum scandens (Sw.) J. H. Kirkbr. & Delprete,Hexasepalum,scandens (Sw.) J. H. Kirkbr. & Delprete,Yes,Yes,69,,,,,,,Rubiaceae
Hillia palmana Standl.,Hillia,palmana Standl.,Yes,Yes,68,,,,,,,Rubiaceae
Hillia panamensis Standl.,Hillia,panamensis Standl.,Yes,Yes,68,,,,,,,Rubiaceae
Hillia tetrandra Sw.,Hillia,tetrandra Sw.,Yes,Yes,68,,,,,,,Rubiaceae
Hillia triflora (Oerst.) C. M. Taylor,Hillia,triflora (Oerst.) C. M. Taylor,Yes,Yes,68,,,,,,,Rubiaceae
Himalrandia tetrasperma (Wall. ex Roxb.) T. Yamaz,Himalrandia,tetrasperma (Wall. ex Roxb.) T. Yamaz,Yes,Yes,111,,,,,,,Rubiaceae
Hintonia latiflora (Sessé & Moc. ex DC.) Bullock,Hintonia,latiflora (Sessé & Moc. ex DC.) Bullock,Yes,Yes,74,Yes,"74, 209",,,Active [196],112/196,Rubiaceae
Hoffmannia areolata Standl.,Hoffmannia,areolata Standl.,Yes,No,68,,,,,,,Rubiaceae
Hoffmannia bullata L. O. Williams,Hoffmannia,bullata L. O. Williams,Yes,Yes,68,,,,,,,Rubiaceae
Hoffmannia cercidifolia Dwyer,Hoffmannia,cercidifolia Dwyer,Yes,Yes,68,,,,,,,Rubiaceae
Hoffmannia congesta (Oerst.) Dwyer,Hoffmannia,congesta (Oerst.) Dwyer,Yes,Yes,68,,,,,,,Rubiaceae
Hoffmannia longepetiolata Pol.,Hoffmannia,longepetiolata Pol.,Yes,Yes,68,,,,,,,Rubiaceae
Hoffmannia manussatani Dwyer,Hoffmannia,manussatani Dwyer,Yes,No,68,,,,,,,Rubiaceae
Hoffmannia morii Dwyer,Hoffmannia,morii Dwyer,Yes,Yes,68,,,,,,,Rubiaceae
Hoffmannia pittieri Standl.,Hoffmannia,pittieri Standl.,Yes,Yes,68,,,,,,,Rubiaceae
Hoffmannia psychotriifolia (Benth.) Griseb.,Hoffmannia,psychotriifolia (Benth.) Griseb.,Yes,Yes,68,,,,,,,Rubiaceae
Hoffmannia subauriculata Standl.,Hoffmannia,subauriculata Standl.,Yes,No,68,,,,,,,Rubiaceae
Hoffmannia vesciculifera Standl.,Hoffmannia,vesciculifera Standl.,Yes,Yes,68,,,,,,,Rubiaceae
Hoffmannia viridis Rusby,Hoffmannia,viridis Rusby,Yes,Yes,68,,,,,,,Rubiaceae
Hydnophytum formicarum Jack,Hydnophytum,formicarum Jack,Yes,Yes,114,,,,,,,Rubiaceae
Hymenodictyon floribundum (Hochst. & Steud.) B. L. Rob.,Hymenodictyon,floribundum (Hochst. & Steud.) B. L. Rob.,Yes,Yes,223,,,,,Inactive,115,Rubiaceae
Hymenodictyon louhavate,Hymenodictyon,louhavate,,,,Yes,65,,,,,Rubiaceae
Hymenodictyon orixense (Roxb.) Mabb.,Hymenodictyon,orixense (Roxb.) Mabb.,,,,,,Yes,116,Inactive,116,Rubiaceae
Hymenodictyon pachyantha K. Krause,Hymenodictyon,pachyantha K. Krause,Yes,Yes,117,,,,,,,Rubiaceae
Hyperacanthus talangninia (DC.) Rakotonas. & A.P.Davis,Hyperacanthus,talangninia (DC.) Rakotonas. & A.P.Davis,,,,,,Yes,65,,,Rubiaceae
Isertia coccinea (Aubl.) J. F. Gmel.,Isertia,coccinea (Aubl.) J. F. Gmel.,Yes,Yes,119,,,,,,,Rubiaceae
Isertia haenkeana DC.,Isertia,haenkeana DC.,Yes,Yes,68/118,Yes,209,,,,,Rubiaceae
Isertia hypoleuca Benth.,Isertia,hypoleuca Benth.,Yes,Yes,"68, 224",Yes,"31, 209",,,Inactive,31,Rubiaceae
Isertia laevis (Triana) B. M. Boom,Isertia,laevis (Triana) B. M. Boom,Yes,Yes,68,,,,,,,Rubiaceae
Ixora amplexicaulis Gillespie,Ixora,amplexicaulis Gillespie,Yes,Yes,105,,,,,,,Rubiaceae
Ixora brevifolia Benth.,Ixora,brevifolia Benth.,Yes,Yes,106,,,,,,,Rubiaceae
Ixora chinensis Lam.,Ixora,chinensis Lam.,Yes,Yes,109,,,,,,,Rubiaceae
Ixora coccinea L.,Ixora,coccinea L.,Yes,Yes,108,,,,,,,Rubiaceae
Ixora pavetta Andrews,Ixora,pavetta Andrews,Yes,Yes,110,,,,,,,Rubiaceae
Ixora undulata Roxb. ex Sm.,Ixora,undulata Roxb. ex Sm.,Yes,Yes,"107, 259",,,,,,,Rubiaceae
Joosia dichotoma (Ruiz & Pav.) H. Karst.,Joosia,dichotoma (Ruiz & Pav.) H. Karst.,,,,Yes,209,,,,,Rubiaceae
Joosia panamensis Dwyer,Joosia,panamensis Dwyer,Yes,Yes,68,,,,,,,Rubiaceae
Keetia hispida (Benth.) Bridson,Keetia,hispida (Benth.) Bridson,,,,Yes,23,,,Active,23,Rubiaceae
Keetia leucantha (K. Krause) Bridson,Keetia,leucantha (K. Krause) Bridson,,,,Yes,121,,,Inactive,120/121,Rubiaceae
Keetia multiflora (Schumach. & Thonn.) Bridson,Keetia,multiflora (Schumach. & Thonn.) Bridson,Yes,Yes,21,,,,,Active,21,Rubiaceae
Keetia venosa (Oliv.) Bridson,Keetia,venosa (Oliv.) Bridson,,,,,,,,Inactive,120,Rubiaceae
Keetia zanzibarica (Klotzsch) Bridson,Keetia,zanzibarica (Klotzsch) Bridson,,,,Yes,121,,,,,Rubiaceae
Khasiaclunea oligocephala (Havil.) Ridsdale,Khasiaclunea,oligocephala (Havil.) Ridsdale,Yes,Yes,39,,,,,,,Rubiaceae
Kohautia aspera (B. Heyne ex Roth) Bremek.,Kohautia,aspera (B. Heyne ex Roth) Bremek.,Yes,Yes,122,,,,,,,Rubiaceae
Ladenbergia amazonensis Ducke,Ladenbergia,amazonensis Ducke,,,,Yes,209,,,,,Rubiaceae
Ladenbergia bullata (Wedd.) Standl.,Ladenbergia,bullata (Wedd.) Standl.,Yes,Yes,68,,,,,,,Rubiaceae
Ladenbergia carua (Wedd.) Standl.,Ladenbergia,carua (Wedd.) Standl.,,,,Yes,209,,,,,Rubiaceae
Ladenbergia cujabensis Klotzsch,Ladenbergia,cujabensis Klotzsch,,,,Yes,209,,,,,Rubiaceae
Ladenbergia hexandra (Pohl) Klotzsch,Ladenbergia,hexandra (Pohl) Klotzsch,Yes,Yes,123,Yes,209,,,,,Rubiaceae
Ladenbergia lambertiana (A. Braun ex Mart.) Klotzsch,Ladenbergia,lambertiana (A. Braun ex Mart.) Klotzsch,,,,Yes,209,,,,,Rubiaceae
Ladenbergia macrocarpa (Vahl) Klotzsch,Ladenbergia,macrocarpa (Vahl) Klotzsch,Yes,Yes,68,Yes,209,,,,,Rubiaceae
Ladenbergia muzonensis (Goudot) Standl.,Ladenbergia,muzonensis (Goudot) Standl.,,,,Yes,209,,,,,Rubiaceae
Ladenbergia oblongifolia (Humb. ex Mutis) L. Andersson,Ladenbergia,oblongifolia (Humb. ex Mutis) L. Andersson,Yes,Yes,102,Yes,31,,,Inactive,31,Rubiaceae
Ladenbergia riveroana (Wedd.) Standl.,Ladenbergia,riveroana (Wedd.) Standl.,,,,Yes,209,,,,,Rubiaceae
Leptactina densiflora Hook.f.,Leptactina,densiflora Hook.f.,Yes,Yes,225,,,,,,,Rubiaceae
Lerchea bracteata Valeton,Lerchea,bracteata Valeton,Yes,Yes,102,,,,,,,Rubiaceae
Lerchea parviflora Axelius,Lerchea,parviflora Axelius,Yes,Yes,125,,,,,,,Rubiaceae
Ludekia bernardoi (Merr.) Ridsdale,Ludekia,bernardoi (Merr.) Ridsdale,Yes,Yes,39,,,,,,,Rubiaceae
Macrocnemum roseum (Ruiz & Pav.) Wedd.,Macrocnemum,roseum (Ruiz & Pav.) Wedd.,Yes,Yes,68,Yes,209,,,Inactive,158,Rubiaceae
Manettia coccinea (aubl.) Forsyth f.,Manettia,coccinea (aubl.) Forsyth f.,Yes,Yes,68,,,,,,,Rubiaceae
Manettia flexilis Brandegee,Manettia,flexilis Brandegee,Yes,No,68,,,,,,,Rubiaceae
Manettia reclinata L.,Manettia,reclinata L.,Yes,Yes,68,,,,,,,Rubiaceae
Massularia acuminata (G. Don) Bullock ex Hoyle,Massularia,acuminata (G. Don) Bullock ex Hoyle,Yes,Yes,127,,,,,Active,127,Rubiaceae
Meyna laxiflora Robyns,Meyna,laxiflora Robyns,Yes,Yes,128,,,,,,,Rubiaceae
Mitracarpus hirtus (L.) DC.,Mitracarpus,hirtus (L.) DC.,Yes,Yes,130,Yes,129,,,Inactive,129,Rubiaceae
Mitracarpus megapotamicus (Spreng.) Kuntze,Mitracarpus,megapotamicus (Spreng.) Kuntze,,,,Yes,209,,,,,Rubiaceae
Mitragyna diversifolia (Wall. ex. G. Don) Havil.,Mitragyna,diversifolia (Wall. ex. G. Don) Havil.,Yes,Yes,102,,,,,,,Rubiaceae
Mitragyna hirsuta Havil.,Mitragyna,hirsuta Havil.,Yes,Yes,"KN, 39",,,,,,,Rubiaceae
Mitragyna inermis (Willd.) Kuntze,Mitragyna,inermis (Willd.) Kuntze,Yes,Yes,54,Yes,60/62/135/207,,,Active,61,Rubiaceae
Mitragyna ledermannii (K. Krause) Ridsdale,Mitragyna,ledermannii (K. Krause) Ridsdale,Yes,Yes,39,Yes,131,,,Inactive,131,Rubiaceae
Mitragyna parvifolia (Roxb.) Korth.,Mitragyna,parvifolia (Roxb.) Korth.,Yes,Yes,102,,,,,,,Rubiaceae
Mitragyna rotundifolia (Roxb.) Kuntze,Mitragyna,rotundifolia (Roxb.) Kuntze,Yes,Yes,KN,,,,,,,Rubiaceae
Mitragyna rubrostipulata (K. Schum.) Havil.,Mitragyna,rubrostipulata (K. Schum.) Havil.,Yes,Yes,39,Yes,205,,,Inactive,"133, 205",Rubiaceae
Mitragyna speciosa Korth.,Mitragyna,speciosa Korth.,Yes,Yes,55,,,,,,,Rubiaceae
Mitragyna stipulosa (DC.) Kuntze,Mitragyna,stipulosa (DC.) Kuntze,Yes,Yes,137,Yes,62,,,,,Rubiaceae
Mitragyna tubulosa (Arn.) Kuntze,Mitragyna,tubulosa (Arn.) Kuntze,Yes,Yes,136,,,,,,,Rubiaceae
Morinda asteroscepa K. Schum.,Morinda,asteroscepa K. Schum.,,,,,,,,Inactive,139,Rubiaceae
Morinda chrysorhiza (Thonn.) DC.,Morinda,chrysorhiza (Thonn.) DC.,Yes,Yes,57,Yes,56/62,,,Inactive,140,Rubiaceae
Morinda citrifolia L.,Morinda,citrifolia L.,Yes,Yes,KN,Yes,"L, F, SB [198] [206]",,,Inactive,30,Rubiaceae
Morinda lucida Benth.,Morinda,lucida Benth.,Yes,Yes,58,Yes,24/202/203/204/207,Yes,24,Active [194],24/194,Rubiaceae
Morinda morindoides (Baker) Milne-Redh.,Morinda,morindoides (Baker) Milne-Redh.,,,,Yes,76/143,Yes,197,Active,61,Rubiaceae
Mussaenda anisophylla S. Vidal,Mussaenda,anisophylla S. Vidal,Yes,Yes,148,,,,,,,Rubiaceae
Mussaenda frondosa L.,Mussaenda,frondosa L.,Yes,Yes,147,,,,,,,Rubiaceae
Mussaenda macrophylla Wall.,Mussaenda,macrophylla Wall.,Yes,Yes,149,,,,,,,Rubiaceae
Mussaenda pubescens Dryand.,Mussaenda,pubescens Dryand.,Yes,Yes,227,,,,,,,Rubiaceae
Mussaenda roxburghii Hook.f.,Mussaenda,roxburghii Hook.f.,Yes,Yes,150,,,,,,,Rubiaceae
Mycetia faberi (Hemsl.) Razafim. & B. Bremer,Mycetia,faberi (Hemsl.) Razafim. & B. Bremer,Yes,Yes,102,,,,,,,Rubiaceae
Mycetia longifolia (Wall.) Kuntze,Mycetia,longifolia (Wall.) Kuntze,Yes,Yes,151,,,,,,,Rubiaceae
Mycetia nutans (R. Br. ex Kurz) Razafim. & B. Bremer,Mycetia,nutans (R. Br. ex Kurz) Razafim. & B. Bremer,Yes,Yes,102,,,,,,,Rubiaceae
Myrmecodia pendens Merr. & L.M.Perry,Myrmecodia,pendens Merr. & L.M.Perry,,,,,,,,,,Rubiaceae
Myrmeconauclea strigosa (Korth.) Merr.,Myrmeconauclea,strigosa (Korth.) Merr.,Yes,Yes,39,,,,,,,Rubiaceae
Nauclea diderrichii (De Wild.) Merr.,Nauclea,diderrichii (De Wild.) Merr.,Yes,Yes,"KN, 39, 228",Yes,132,,,Inactive,132,Rubiaceae
Nauclea latifolia Sm.,Nauclea,latifolia Sm.,Yes,Yes,"39, 229",Yes,24/62/135/202/207,Yes,24/207,Active [195],24/195,Rubiaceae
Nauclea officinalis (Pierre ex Pit.) Merr. & Chun,Nauclea,officinalis (Pierre ex Pit.) Merr. & Chun,Yes,Yes,"39, 230",Yes,116,,,Inactive,116,Rubiaceae
Nauclea orientalis (L.) L.,Nauclea,orientalis (L.) L.,Yes,Yes,"39, 231",Yes,SB [198] [206],,,,,Rubiaceae
Nauclea parva (Havil.) Merr.,Nauclea,parva (Havil.) Merr.,Yes,Yes,39,,,,,,,Rubiaceae
Nauclea pobeguinii (Hua ex Pobég.) Merr.,Nauclea,pobeguinii (Hua ex Pobég.) Merr.,Yes,Yes,39/152/232,Yes,62/135,,,Active [152],62/152,Rubiaceae
Nauclea robinsonii Merr.,Nauclea,robinsonii Merr.,Yes,Yes,39,,,,,,,Rubiaceae
Nauclea subdita (Korth.) Stued.,Nauclea,subdita (Korth.) Stued.,Yes,Yes,"39, 233",,,,,,,Rubiaceae
Nauclea tenuiflora (Havil.) Merr.,Nauclea,tenuiflora (Havil.) Merr.,Yes,Yes,39,,,,,,,Rubiaceae
Neanotis hirsuta (L. f.) W. H. Lewis,Neanotis,hirsuta (L. f.) W. H. Lewis,Yes,Yes,185,,,,,,,Rubiaceae
Neolamarckia cadamba (Roxb.) Bosser,Neolamarckia,cadamba (Roxb.) Bosser,Yes,Yes,102,,,,,,,Rubiaceae
Neolamarckia macrophylla (Roxb.) Bosser,Neolamarckia,macrophylla (Roxb.) Bosser,Yes,Yes,39,,,,,,,Rubiaceae
Neonauclea acuminata Ridsdale,Neonauclea,acuminata Ridsdale,Yes,Yes,39,,,,,,,Rubiaceae
Neonauclea angustifolia (Havil.) Merr.,Neonauclea,angustifolia (Havil.) Merr.,Yes,Yes,39,,,,,,,Rubiaceae
Neonauclea bartlingii (DC.) Merr.,Neonauclea,bartlingii (DC.) Merr.,Yes,Yes,39,,,,,,,Rubiaceae
Neonauclea brassii S. Moore,Neonauclea,brassii S. Moore,Yes,Yes,39,,,,,,,Rubiaceae
Neonauclea calycina (Bartl. ex DC.) Merr.,Neonauclea,calycina (Bartl. ex DC.) Merr.,Yes,Yes,39,,,,,,,Rubiaceae
Neonauclea chalmersii (F. Muell.) Merr.,Neonauclea,chalmersii (F. Muell.) Merr.,Yes,Yes,39,,,,,,,Rubiaceae
Neonauclea clemensiae Merr. & L. M. Perry,Neonauclea,clemensiae Merr. & L. M. Perry,Yes,Yes,39,,,,,,,Rubiaceae
Neonauclea cyclophylla (Miq.) Merr.,Neonauclea,cyclophylla (Miq.) Merr.,Yes,Yes,39,,,,,,,Rubiaceae
Neonauclea excelsa (Blume) Merr.,Neonauclea,excelsa (Blume) Merr.,Yes,Yes,39,,,,,,,Rubiaceae
Neonauclea formicaria (Elmer) Merr.,Neonauclea,formicaria (Elmer) Merr.,Yes,Yes,39,,,,,,,Rubiaceae
Neonauclea glabra (Roxb.) Bahk. f. & Ridsdale,Neonauclea,glabra (Roxb.) Bahk. f. & Ridsdale,Yes,Yes,39,,,,,,,Rubiaceae
Neonauclea hagenii (Lauterb. & K. Schum.) Merr.,Neonauclea,hagenii (Lauterb. & K. Schum.) Merr.,Yes,Yes,39,,,,,,,Rubiaceae
Neonauclea lanceolata (Blume) Merr.,Neonauclea,lanceolata (Blume) Merr.,Yes,Yes,39,,,,,,,Rubiaceae
Neonauclea lanceolata subsp. gracilis (Vidal) Ridsdale,Neonauclea,lanceolata subsp. gracilis (Vidal) Ridsdale,Yes,Yes,39,,,,,,,Rubiaceae
Neonauclea longipedunculata Merr.,Neonauclea,longipedunculata Merr.,Yes,Yes,39,,,,,,,Rubiaceae
Neonauclea media (Havil.) Merr.,Neonauclea,media (Havil.) Merr.,Yes,Yes,39,,,,,,,Rubiaceae
Neonauclea obversifolia (Valeton) Merr. & L. M. Perry,Neonauclea,obversifolia (Valeton) Merr. & L. M. Perry,Yes,Yes,39,,,,,,,Rubiaceae
Neonauclea purpurea (Roxb.) Merr.,Neonauclea,purpurea (Roxb.) Merr.,Yes,Yes,102,,,,,,,Rubiaceae
Neonauclea reticulata (Havil.) Merr.,Neonauclea,reticulata (Havil.) Merr.,Yes,Yes,39,,,,,,,Rubiaceae
Neonauclea sessilifolia (Roxb.) Merr.,Neonauclea,sessilifolia (Roxb.) Merr.,Yes,Yes,"39, 234",,,,,,,Rubiaceae
Neurocalyx calycinus (R.Br. ex Benn.) B.L.Rob.,Neurocalyx,calycinus (R.Br. ex Benn.) B.L.Rob.,Yes,Yes,235,,,,,,,Rubiaceae
Notopleura camponutans (Dwyer & M. V. Hayden) C. M. Taylor,Notopleura,camponutans (Dwyer & M. V. Hayden) C. M. Taylor,Yes,Yes,161,,,,,Inactive,161,Rubiaceae
Ochreinauclea maingayi (Hook. f.) Ridsdale,Ochreinauclea,maingayi (Hook. f.) Ridsdale,Yes,Yes,"39, 236",,,,,,,Rubiaceae
Oldenlandia affinis (Roem. & Schult.) DC.,Oldenlandia,affinis (Roem. & Schult.) DC.,Yes,Yes,237,,,,,Active,192,Rubiaceae
Oldenlandia corymbosa L.,Oldenlandia,corymbosa L.,Yes,No,68,,,,,Inactive,98,Rubiaceae
Oldenlandia lancifolia (Schumach.) DC.,Oldenlandia,lancifolia (Schumach.) DC.,Yes,Yes,68,,,,,,,Rubiaceae
Ophiorrhiza blumeana Korth.,Ophiorrhiza,blumeana Korth.,Yes,Yes,53/126,,,,,,,Rubiaceae
Ophiorrhiza bracteata Korth.,Ophiorrhiza,bracteata Korth.,Yes,Yes,126,,,,,,,Rubiaceae
Ophiorrhiza communis Ridl.,Ophiorrhiza,communis Ridl.,Yes,Yes,102,,,,,,,Rubiaceae
Ophiorrhiza discolor R. Br. ex G. Don.,Ophiorrhiza,discolor R. Br. ex G. Don.,Yes,Yes,126,,,,,,,Rubiaceae
Ophiorrhiza filistipula Miq.,Ophiorrhiza,filistipula Miq.,Yes,Yes,126,,,,,,,Rubiaceae
Ophiorrhiza japonica Blume,Ophiorrhiza,japonica Blume,Yes,Yes,102,,,,,,,Rubiaceae
Ophiorrhiza kunstleri King,Ophiorrhiza,kunstleri King,Yes,Yes,102,,,,,,,Rubiaceae
Ophiorrhiza kuroiwae Makino,Ophiorrhiza,kuroiwae Makino,Yes,Yes,102,,,,,,,Rubiaceae
Ophiorrhiza marginata Blume,Ophiorrhiza,marginata Blume,Yes,Yes,126,,,,,,,Rubiaceae
Ophiorrhiza mungos L.,Ophiorrhiza,mungos L.,Yes,Yes,KN,,,,,,,Rubiaceae
Ophiorrhiza pumila Champ. ex Benth.,Ophiorrhiza,pumila Champ. ex Benth.,Yes,Yes,"KN, 102",,,,,,,Rubiaceae
Ophiorrhiza remotiflora Ridl.,Ophiorrhiza,remotiflora Ridl.,Yes,Yes,126,,,,,,,Rubiaceae
Ophiorrhiza rosacea Ridl.,Ophiorrhiza,rosacea Ridl.,Yes,Yes,102,,,,,,,Rubiaceae
Ophiorrhiza rugosa Wall.,Ophiorrhiza,rugosa Wall.,Yes,Yes,KN,,,,,,,Rubiaceae
Ophiorrhiza teysmannii Miq.,Ophiorrhiza,teysmannii Miq.,Yes,Yes,126,,,,,,,Rubiaceae
Ophiorrhiza tomentosa Jack ex Roxb.,Ophiorrhiza,tomentosa Jack ex Roxb.,Yes,Yes,102,,,,,,,Rubiaceae
Otiophora pauciflora Baker,Otiophora,pauciflora Baker,,,,,,,,,,Rubiaceae
Oxyanthus pallidus Hiern,Oxyanthus,pallidus Hiern,,,,,,,,,,Rubiaceae
Oxyanthus speciosus DC.,Oxyanthus,speciosus DC.,Yes,Yes,238,Yes,205,,,Inactive,205,Rubiaceae
Paederia foetida L.,Paederia,foetida L.,Yes,Yes,239,,,,,,,Rubiaceae
Pagamea guianensis Aubl.,Pagamea,guianensis Aubl.,,,,,,,,Inactive,104,Rubiaceae
Palicourea acuminata (Benth.) Borhidi,Palicourea,acuminata (Benth.) Borhidi,Yes,Yes,72,,,,,,,Rubiaceae
Palicourea adusta Standl.,Palicourea,adusta Standl.,Yes,Yes,72,,,,,,,Rubiaceae
Palicourea alba (Aubl.) Delprete & J.H.Kirkbr,Palicourea,alba (Aubl.) Delprete & J.H.Kirkbr,,,,Yes,209,,,,,Rubiaceae
Palicourea alpina (Sw.) DC.,Palicourea,alpina (Sw.) DC.,Yes,Yes,72,,,,,,,Rubiaceae
Palicourea apoda (Steyerm.) Delprete & J. H. Kirkbr.,Palicourea,apoda (Steyerm.) Delprete & J. H. Kirkbr.,Yes,Yes,160,,,,,Active,160,Rubiaceae
Palicourea axillaris (Sw.) Borhidi,Palicourea,axillaris (Sw.) Borhidi,Yes,Yes,72,,,,,,,Rubiaceae
Palicourea bella (Standl.) Dwyer,Palicourea,bella (Standl.) Dwyer,Yes,Yes,68,,,,,,,Rubiaceae
Palicourea caerulea (Ruiz & Pav.) Schult.,Palicourea,caerulea (Ruiz & Pav.) Schult.,,,,Yes,209,,,,,Rubiaceae
Palicourea chiriquiensis (Standl.) Borhidi,Palicourea,chiriquiensis (Standl.) Borhidi,Yes,Yes,72,,,,,,,Rubiaceae
Palicourea colorata (Hoffmanns. ex Willd.) Delprete & J. H. Kirkbr,Palicourea,colorata (Hoffmanns. ex Willd.) Delprete & J. H. Kirkbr,Yes,Yes,72,,,,,Active,160,Rubiaceae
Palicourea coriacea (Cham.) K. Schum.,Palicourea,coriacea (Cham.) K. Schum.,Yes,Yes,72,,,,,,,Rubiaceae
Palicourea correae (Dwyer & M. V. Hayden) Borhidi,Palicourea,correae (Dwyer & M. V. Hayden) Borhidi,Yes,Yes,72,,,,,,,Rubiaceae
Palicourea crocea (Sw.) Schult.,Palicourea,crocea (Sw.) Schult.,Yes,Yes,72,,,,,,,Rubiaceae
Palicourea croceoides Ham.,Palicourea,croceoides Ham.,Yes,Yes,72,,,,,,,Rubiaceae
Palicourea cyanococca (Seem. ex Dombrain) Borhidi,Palicourea,cyanococca (Seem. ex Dombrain) Borhidi,Yes,Yes,72,,,,,,,Rubiaceae
Palicourea deflexa (DC.) Borhidi,Palicourea,deflexa (DC.) Borhidi,Yes,Yes,72,,,,,Inactive,158,Rubiaceae
Palicourea dichroa (Standl.) Borhidi,Palicourea,dichroa (Standl.) Borhidi,Yes,Yes,72,,,,,,,Rubiaceae
Palicourea didymocarpos (A. Rich. ex DC.) Griseb,Palicourea,didymocarpos (A. Rich. ex DC.) Griseb,Yes,Yes,72,,,,,,,Rubiaceae
Palicourea domingensis (Jacq.) DC.,Palicourea,domingensis (Jacq.) DC.,Yes,Yes,72,,,,,,,Rubiaceae
Palicourea elata (Sw.) Borhidi,Palicourea,elata (Sw.) Borhidi,Yes,Yes,72,,,,,,,Rubiaceae
Palicourea fastigiata Kunth,Palicourea,fastigiata Kunth,Yes,Yes,72,,,,,,,Rubiaceae
Palicourea garciae Standl.,Palicourea,garciae Standl.,Yes,Yes,72,,,,,,,Rubiaceae
Palicourea glomerulata (Donn. Sm.) Borhidi,Palicourea,glomerulata (Donn. Sm.) Borhidi,Yes,Yes,72,,,,,,,Rubiaceae
Palicourea gracilenta (Müll. Arg.) Delprete & J. H. Kirkbr.,Palicourea,gracilenta (Müll. Arg.) Delprete & J. H. Kirkbr.,Yes,Yes,72,,,,,,,Rubiaceae
Palicourea hoffmannseggiana (Willd. ex Schult.) Borhidi,Palicourea,hoffmannseggiana (Willd. ex Schult.) Borhidi,Yes,Yes,72,,,,,,,Rubiaceae
Palicourea humboldtiana (Cham.) Delprete & J.H.Kirkbr.,Palicourea,humboldtiana (Cham.) Delprete & J.H.Kirkbr.,,,,Yes,209,,,,,Rubiaceae
Palicourea jungiana C. M. Taylor,Palicourea,jungiana C. M. Taylor,Yes,Yes,163,,,,,,,Rubiaceae
Palicourea lasiorrhachis Oerst.,Palicourea,lasiorrhachis Oerst.,Yes,No,68,,,,,,,Rubiaceae
Palicourea luteonivea C.M. Taylor,Palicourea,luteonivea C.M. Taylor,,,,Yes,209,,,,,Rubiaceae
Palicourea luxurians (Rusby) Borhidi,Palicourea,luxurians (Rusby) Borhidi,Yes,Yes,72,,,,,,,Rubiaceae
Palicourea mamillaris (Müll. Arg.) C M. Taylor,Palicourea,mamillaris (Müll. Arg.) C M. Taylor,Yes,Yes,72,,,,,,,Rubiaceae
Palicourea marcgravii A. St.-Hil.,Palicourea,marcgravii A. St.-Hil.,Yes,Yes,72,,,,,,,Rubiaceae
Palicourea minutiflora (Müll. Arg.) C. M. Taylor,Palicourea,minutiflora (Müll. Arg.) C. M. Taylor,Yes,Yes,72,,,,,,,Rubiaceae
Palicourea muscosa (Jaqc.) Delprete & J. H. Kirbr.,Palicourea,muscosa (Jaqc.) Delprete & J. H. Kirbr.,Yes,Yes,72,,,,,,,Rubiaceae
Palicourea ochnoides Dwyer,Palicourea,ochnoides Dwyer,Yes,Yes,68,,,,,,,Rubiaceae
Palicourea ovalis Standl.,Palicourea,ovalis Standl.,Yes,Yes,72,,,,,,,Rubiaceae
Palicourea padifolia (Willd. ex Schult.) C. M. Taylor & Lorence,Palicourea,padifolia (Willd. ex Schult.) C. M. Taylor & Lorence,Yes,Yes,72,,,,,,,Rubiaceae
Palicourea pleiocephala (Müll. Arg.) C. M. Taylor,Palicourea,pleiocephala (Müll. Arg.) C. M. Taylor,Yes,Yes,163,,,,,,,Rubiaceae
Palicourea prunifolia (Kunth) Borhidi,Palicourea,prunifolia (Kunth) Borhidi,Yes,Yes,72,,,,,,,Rubiaceae
Palicourea rigida Kunth,Palicourea,rigida Kunth,Yes,Yes,72,Yes,209,,,,,Rubiaceae
Palicourea rigidifolia (Dwyer & M. V. Hayden) Dwyer,Palicourea,rigidifolia (Dwyer & M. V. Hayden) Dwyer,Yes,No,68,,,,,,,Rubiaceae
Palicourea semirasa Standl.,Palicourea,semirasa Standl.,Yes,Yes,72,,,,,,,Rubiaceae
Palicourea sessilis (Vell.) C. M. Taylor,Palicourea,sessilis (Vell.) C. M. Taylor,Yes,Yes,72,,,,,,,Rubiaceae
Palicourea subalatoides C.M. Taylor,Palicourea,subalatoides C.M. Taylor,,,,Yes,209,,,,,Rubiaceae
Palicourea suerrensis (Donn. Sm.) Borhidi,Palicourea,suerrensis (Donn. Sm.) Borhidi,Yes,Yes,72,,,,,,,Rubiaceae
Palicourea tomentosa (Aubl.) Borhidi,Palicourea,tomentosa (Aubl.) Borhidi,Yes,Yes,7,,,Yes,31,Inactive,31,Rubiaceae
Palicourea trichophora (Müll.Arg.) Delprete & J.H.Kirkbr.,Palicourea,trichophora (Müll.Arg.) Delprete & J.H.Kirkbr.,Yes,No,266,,,,,,,Rubiaceae
Palicourea triphylla DC.,Palicourea,triphylla DC.,Yes,Yes,7,,,,,,,Rubiaceae
Palicourea tsakiana (C. M. Taylor) C. M. Taylor,Palicourea,tsakiana (C. M. Taylor) C. M. Taylor,Yes,Yes,72,,,,,,,Rubiaceae
Palicourea tumidonodosa Dwyer,Palicourea,tumidonodosa Dwyer,Yes,No,68,,,,,,,Rubiaceae
Palicourea winkleri Borhidi,Palicourea,winkleri Borhidi,Yes,Yes,72,,,,,,,Rubiaceae
Palicourea woronovii (Standl.) Bruniera & C. M. Taylor,Palicourea,woronovii (Standl.) Bruniera & C. M. Taylor,,,,Yes,159,,,,,Rubiaceae
Pauridiantha callicarpoides (Hiern) Bremek.,Pauridiantha,callicarpoides (Hiern) Bremek.,Yes,Yes,240,,,,,,,Rubiaceae
Pauridiantha paucinervis (Hiern) Bremek,Pauridiantha,paucinervis (Hiern) Bremek,Yes,Yes,241,,,,,,,Rubiaceae
Pavetta corymbosa (Dc.) F. N. Williams,Pavetta,corymbosa (Dc.) F. N. Williams,Yes,Yes,153,Yes,23/202,,,Active,23,Rubiaceae
Pavetta crassipes K. Schum.,Pavetta,crassipes K. Schum.,Yes,Yes,59/61,Yes,59/62,,,Active [61],59/61,Rubiaceae
Pavetta harborii S.Moore,Pavetta,harborii S.Moore,Yes,Yes,242,,,,,,,Rubiaceae
Pavetta lanceolata Eckl.,Pavetta,lanceolata Eckl.,Yes,Yes,243,,,,,,,Rubiaceae
Pavetta lynesii Bridson,Pavetta,lynesii Bridson,,,,Yes,205,,,,,Rubiaceae
Pavetta schumanniana F. Hoffm. ex K. Schum.,Pavetta,schumanniana F. Hoffm. ex K. Schum.,Yes,Yes,242,Yes,64,,,,,Rubiaceae
Pavetta tomentosa Roxb. ex Sm.,Pavetta,tomentosa Roxb. ex Sm.,Yes,Yes,171,,,,,,,Rubiaceae
Pentagonia gymnopoda (Standl.) Standl.,Pentagonia,gymnopoda (Standl.) Standl.,Yes,Yes,68,,,,,Inactive,158,Rubiaceae
Pentagonia macrophylla Benth.,Pentagonia,macrophylla Benth.,Yes,Yes,68,,,,,Inactive,158,Rubiaceae
Pentagonia nuciformis Dwyer,Pentagonia,nuciformis Dwyer,Yes,No,68,,,,,Inactive,158,Rubiaceae
Pentagonia pinnatifida Seem.,Pentagonia,pinnatifida Seem.,Yes,Yes,68,,,,,,,Rubiaceae
Pentagonia wendlandii Hook. f.,Pentagonia,wendlandii Hook. f.,Yes,Yes,68,,,,,,,Rubiaceae
Pentanisia ouranogyne S. Moore,Pentanisia,ouranogyne S. Moore,,,,Yes,6,,,,,Rubiaceae
Pentas lanceolata (Forssk.) Deflers,Pentas,lanceolata (Forssk.) Deflers,Yes,Yes,146,Yes,66,,,Inactive,66,Rubiaceae
Pentas micrantha Baker,Pentas,micrantha Baker,,,,,,,,Active,142,Rubiaceae
Pentas zanzibarica (Klotzsch) Bvatke,Pentas,zanzibarica (Klotzsch) Bvatke,,,,Yes,199,,,,,Rubiaceae
Pittoniotis trichantha Griseb.,Pittoniotis,trichantha Griseb.,,,,,,,,Inactive,158,Rubiaceae
Plocama calabrica (L. f.) M Backlund & Thulin,Plocama,calabrica (L. f.) M Backlund & Thulin,,,,,,,,Active,13,Rubiaceae
Pogonopus speciosus (Jacq.) K. Schum.,Pogonopus,speciosus (Jacq.) K. Schum.,Yes,Yes,68/102,Yes,209,,,Active,265/KN,Rubiaceae
Pogonopus tubulosus (A. Rich. ex DC.) K. Schum.,Pogonopus,tubulosus (A. Rich. ex DC.) K. Schum.,Yes,Yes,102,Yes,209,,,Active,265,Rubiaceae
Posoqueria grandiflora Standl.,Posoqueria,grandiflora Standl.,Yes,Yes,68,,,,,,,Rubiaceae
Posoqueria latifolia (Rudge) Schult.,Posoqueria,latifolia (Rudge) Schult.,Yes,Yes,68,,,,,Inactive,158,Rubiaceae
Prismatomeris fragrans E. T. Geddes,Prismatomeris,fragrans E. T. Geddes,,,,,,,,Inactive,156,Rubiaceae
Prismatomeris sessiliflora Pierre ex Pit.,Prismatomeris,sessiliflora Pierre ex Pit.,,,,,,,,Inactive,154,Rubiaceae
Prismatomeris tetrandra subsp. malayana (Ridl.) J. T. Johanss.,Prismatomeris,tetrandra subsp. malayana (Ridl.) J. T. Johanss.,,,,,,,,Inactive,155,Rubiaceae
Psychotria alba Ruiz & Pav.,Psychotria,alba Ruiz & Pav.,Yes,Yes,163,,,,,,,Rubiaceae
Psychotria bahiensis DC.,Psychotria,bahiensis DC.,Yes,Yes,KN,,,,,,,Rubiaceae
Psychotria brachyceras Müll. Arg.,Psychotria,brachyceras Müll. Arg.,Yes,Yes,72,,,,,,,Rubiaceae
Psychotria brachypoda (Müll. Arg.) Britton,Psychotria,brachypoda (Müll. Arg.) Britton,Yes,Yes,72,,,,,,,Rubiaceae
Psychotria bullata,Psychotria,bullata,,,,,,Yes,65,,,Rubiaceae
Psychotria calocarpa Kurz,Psychotria,calocarpa Kurz,Yes,Yes,72,,,,,,,Rubiaceae
Psychotria chagrensis Standl.,Psychotria,chagrensis Standl.,,,,,,,,Inactive,158,Rubiaceae
Psychotria henryi H. Lév,Psychotria,henryi H. Lév,Yes,Yes,72,,,,,,,Rubiaceae
Psychotria laciniata Vell.,Psychotria,laciniata Vell.,Yes,Yes,163,Yes,209,,,,,Rubiaceae
Psychotria leiocarpa Cham. & Schltdl.,Psychotria,leiocarpa Cham. & Schltdl.,Yes,Yes,163,,,,,,,Rubiaceae
Psychotria malayana Jack,Psychotria,malayana Jack,Yes,Yes,72,,,,,,,Rubiaceae
Psychotria marginata Sw.,Psychotria,marginata Sw.,,,,,,,,Inactive,158,Rubiaceae
Psychotria milnei (A. Gray) K. Schum,Psychotria,milnei (A. Gray) K. Schum,Yes,Yes,72,,,,,,,Rubiaceae
Psychotria nuda (Cham. & Schltld.) Wawra,Psychotria,nuda (Cham. & Schltld.) Wawra,Yes,Yes,102,,,,,,,Rubiaceae
Psychotria orosiana Standl.,Psychotria,orosiana Standl.,,,,,,,,Inactive,158,Rubiaceae
Psychotria pilifera Hutch.,Psychotria,pilifera Hutch.,Yes,Yes,72,,,,,,,Rubiaceae
Psychotria sarmentosoides Valeton,Psychotria,sarmentosoides Valeton,Yes,Yes,163,,,,,,,Rubiaceae
Psychotria stachyoides Benth.,Psychotria,stachyoides Benth.,Yes,Yes,72,,,,,,,Rubiaceae
Psychotria suterella Müll. Arg.,Psychotria,suterella Müll. Arg.,Yes,Yes,102,,,,,,,Rubiaceae
Psychotria viridis Ruiz & Pav.,Psychotria,viridis Ruiz & Pav.,Yes,Yes,72,Yes,209,,,,,Rubiaceae
Psydrax acutiflorus (Hiern) Bridson,Psydrax,acutiflorus (Hiern) Bridson,Yes,Yes,22,Yes,25,,,Active,22,Rubiaceae
Psydrax arnoldianus (De Wild. & T. Durand) Bridson,Psydrax,arnoldianus (De Wild. & T. Durand) Bridson,Yes,Yes,26,,,,,,,Rubiaceae
Psydrax dicoccos Gaertn.,Psydrax,dicoccos Gaertn.,Yes,Yes,27,,,,,,,Rubiaceae
Psydrax palma (K. Schum.) Bridson,Psydrax,palma (K. Schum.) Bridson,,,,,,,,Inactive,30,Rubiaceae
Psydrax subcordatus (DC.) Bridson,Psydrax,subcordatus (DC.) Bridson,,,,Yes,24,Yes,24,,,Rubiaceae
Pyrostria major (A. Rich. ex DC.) Kainul. & Razafim.,Pyrostria,major (A. Rich. ex DC.) Kainul. & Razafim.,,,,,,,,Inactive,29,Rubiaceae
Pyrostria phyllanthoidea (Baill.) Bridson,Pyrostria,phyllanthoidea (Baill.) Bridson,,,,Yes,121,,,,,Rubiaceae
Randia aculeata L.,Randia,aculeata L.,Yes,Yes,68,,,,,,,Rubiaceae
Randia aculeata var. aculeata,Randia,aculeata var. aculeata,Yes,Yes,68,,,,,,,Rubiaceae
Randia altiscandens (Ducke) C. M. Taylor,Randia,altiscandens (Ducke) C. M. Taylor,Yes,Yes,68,,,,,,,Rubiaceae
Randia armata (Sw.) DC.,Randia,armata (Sw.) DC.,Yes,Yes,68,Yes,209,,,Inactive,158,Rubiaceae
Randia lasiantha (Standl.) Standl.,Randia,lasiantha (Standl.) Standl.,Yes,Yes,68,,,,,,,Rubiaceae
Randia mira Dwyer,Randia,mira Dwyer,Yes,No,68,,,,,,,Rubiaceae
Raritebe palicoureoides subsp. dwyerianum J. H. Kirkbr.,Raritebe,palicoureoides subsp. dwyerianum J. H. Kirkbr.,Yes,Yes,68,,,,,,,Rubiaceae
Remijia amphithrix Standl.,Remijia,amphithrix Standl.,,,,Yes,209,,,,,Rubiaceae
Remijia ferruginea (A. St.-Hil.) DC.,Remijia,ferruginea (A. St.-Hil.) DC.,Yes,Yes,166,Yes,14,Yes,14,Inactive,166,Rubiaceae
Remijia firmula (Mart. ex Klotzsch) Wedd.,Remijia,firmula (Mart. ex Klotzsch) Wedd.,,,,Yes,209,,,,,Rubiaceae
Remijia macrocnemia (Mart.) Wedd.,Remijia,macrocnemia (Mart.) Wedd.,,,,Yes,209,,,,,Rubiaceae
Remijia macrophylla (H.Karst.) Benth. & Hook.f. ex Flueck.,Remijia,macrophylla (H.Karst.) Benth. & Hook.f. ex Flueck.,,,,Yes,209,,,,,Rubiaceae
Remijia trianae Wernham,Remijia,trianae Wernham,,,,Yes,209,,,,,Rubiaceae
Remijia ulei K. Krause,Remijia,ulei K. Krause,,,,Yes,209,,,,,Rubiaceae
Remijia vellozoi (A. St.-Hil.) DC.,Remijia,vellozoi (A. St.-Hil.) DC.,,,,Yes,209,,,,,Rubiaceae
Rennellia elliptica Korth.,Rennellia,elliptica Korth.,,,,,,,,Active,142,Rubiaceae
Rhodopentas bussei (K. Krause) Kårehed & B. Bremer,Rhodopentas,bussei (K. Krause) Kårehed & B. Bremer,,,,Yes,"5, 205",,,Inactive,"5, 205",Rubiaceae
Rhodopentas parvifolia (Hiern) Kårehed & B.Bremer,Rhodopentas,parvifolia (Hiern) Kårehed & B.Bremer,,,,Yes,208,,,,,Rubiaceae
Richardia brasiliensis Gomes,Richardia,brasiliensis Gomes,,,,Yes,209,,,,,Rubiaceae
Richardia grandiflora (Cham. & Schltdl.) Steud.,Richardia,grandiflora (Cham. & Schltdl.) Steud.,,,,,,,,,,Rubiaceae
Rogiera amoena Planch.,Rogiera,amoena Planch.,Yes,Yes,68,,,,,,,Rubiaceae
Ronabea latifolia Aubl.,Ronabea,latifolia Aubl.,,,,,,,,Inactive,158,Rubiaceae
Rondeletia hameliifolia Dwyer & M. V. Hayden,Rondeletia,hameliifolia Dwyer & M. V. Hayden,Yes,No,68,,,,,,,Rubiaceae
Rondeletia panamensis DC.,Rondeletia,panamensis DC.,Yes,No,68,,,,,,,Rubiaceae
Rosenbergiodendron formosum (Jacq.) Fagerl.,Rosenbergiodendron,formosum (Jacq.) Fagerl.,Yes,Yes,68,,,,,,,Rubiaceae
Rothmannia engleriana (K. Schum.) Keay,Rothmannia,engleriana (K. Schum.) Keay,,,,Yes,76,,,,,Rubiaceae
Rothmannia hispida (K. Schum.) Fagerl.,Rothmannia,hispida (K. Schum.) Fagerl.,,,,Yes,144,,,,,Rubiaceae
Rothmannia longiflora Salisb.,Rothmannia,longiflora Salisb.,Yes,Yes,244,,,,,Inactive,134,Rubiaceae
Rothmannia talbotii (Wernham) Keay,Rothmannia,talbotii (Wernham) Keay,Yes,Yes,245,,,,,,,Rubiaceae
Rothmannia urcelliformis (Hiern) Bullock ex Robyns,Rothmannia,urcelliformis (Hiern) Bullock ex Robyns,Yes,Yes,246,,,,,,,Rubiaceae
Rubia argyi (H.Lév. & Vaniot) H.Hara,Rubia,argyi (H.Lév. & Vaniot) H.Hara,Yes,Yes,247,,,,,,,Rubiaceae
Rubia cordifolia L.,Rubia,cordifolia L.,Yes,Yes,248,,,,,Active,193,Rubiaceae
Rubia podantha Diels,Rubia,podantha Diels,Yes,Yes,249,,,,,,,Rubiaceae
Rubia schumanniana E.Pritz.,Rubia,schumanniana E.Pritz.,Yes,Yes,250,,,,,,,Rubiaceae
Rubia yunnanensis Diels,Rubia,yunnanensis Diels,Yes,Yes,251,,,,,,,Rubiaceae
Rudgea cornifolia (Kunth) Standl.,Rudgea,cornifolia (Kunth) Standl.,Yes,Yes,40,Yes,159,,,,,Rubiaceae
Rudgea coronata subsp. coronata,Rudgea,coronata subsp. coronata,Yes,Yes,163,,,,,,,Rubiaceae
Rudgea jasminoides (Cham.) Müll. Arg.,Rudgea,jasminoides (Cham.) Müll. Arg.,Yes,Yes,163,,,,,,,Rubiaceae
Rudgea panamensis (Dwyer) C. M. Taylor,Rudgea,panamensis (Dwyer) C. M. Taylor,,,,,,,,Inactive,158,Rubiaceae
Rudgea panurensis Müll.Arg.,Rudgea,panurensis Müll.Arg.,,,,Yes,209,,,,,Rubiaceae
Rudgea recurva Müll. Arg.,Rudgea,recurva Müll. Arg.,Yes,Yes,163,,,,,,,Rubiaceae
Rustia costaricensis (Standl.) Lorence,Rustia,costaricensis (Standl.) Lorence,Yes,Yes,68,,,,,,,Rubiaceae
Rustia formosa (Cham. & Schltdl. ex DC.) Klotzsch,Rustia,formosa (Cham. & Schltdl. ex DC.) Klotzsch,,,,Yes,209,,,,,Rubiaceae
Rustia occidentalis (Benth.) Hemsl.,Rustia,occidentalis (Benth.) Hemsl.,Yes,Yes,68,,,,,,,Rubiaceae
Rutidea parviflora DC,Rutidea,parviflora DC,Yes,Yes,252,,,,,,,Rubiaceae
Rytigynia nigerica (S. Moore) Robyns,Rytigynia,nigerica (S. Moore) Robyns,,,,Yes,145,,,,,Rubiaceae
Rytigynia obscura Robyns,Rytigynia,obscura Robyns,,,,Yes,205,,,Inactive,205,Rubiaceae
Sabicea amazonensis Wernham,Sabicea,amazonensis Wernham,,,,Yes,"88, 209",,,,,Rubiaceae
Sabicea panamensis Wernham,Sabicea,panamensis Wernham,Yes,Yes,68,,,,,,,Rubiaceae
Sabicea villosa Willd. ex Schult.,Sabicea,villosa Willd. ex Schult.,Yes,Yes,68,Yes,"104, 209",,,Active,104,Rubiaceae
Saprosma hainanensis Merr.,Saprosma,hainanensis Merr.,Yes,Yes,102,,,,,,,Rubiaceae
Saprosma ternata (Wall.) Hook. f.,Saprosma,ternata (Wall.) Hook. f.,Yes,Yes,102,,,,,,,Rubiaceae
Schismatoclada concinna Bak.,Schismatoclada,concinna Bak.,,,,Yes,65,,,,,Rubiaceae
Schismatoclada farahimpensis Bak.,Schismatoclada,farahimpensis Bak.,,,,Yes,65,,,,,Rubiaceae
Schismatoclada viburnoides Bak.,Schismatoclada,viburnoides Bak.,,,,Yes,65,,,,,Rubiaceae
Schizocalyx cuspidatus (A. St.-Hil.) Kainul. & B. Bremer,Schizocalyx,cuspidatus (A. St.-Hil.) Kainul. & B. Bremer,Yes,Yes,15,Yes,"14, 209",Yes,14,,,Rubiaceae
Schizocalyx veraguensis (Dwyer) Kainul. & B. Bremer,Schizocalyx,veraguensis (Dwyer) Kainul. & B. Bremer,Yes,Yes,68,,,,,Inactive,158,Rubiaceae
Schradera rotundata Standl. ex Steyerm.,Schradera,rotundata Standl. ex Steyerm.,Yes,Yes,68,,,,,,,Rubiaceae
Schumanniophyton magnificum (K.Schum.) Harms,Schumanniophyton,magnificum (K.Schum.) Harms,Yes,Yes,253,Yes,203,,,,,Rubiaceae
Schumanniophyton problematicum (A. Chev.) Aubrév.,Schumanniophyton,problematicum (A. Chev.) Aubrév.,Yes,Yes,102,,,,,,,Rubiaceae
Scleromitrion diffusum (Willd.) R.J.Wang,Scleromitrion,diffusum (Willd.) R.J.Wang,Yes,Yes,254,,,,,,,Rubiaceae
Serissa japonica (Thunb.) Thunb.,Serissa,japonica (Thunb.) Thunb.,,,,,,,,,,Rubiaceae
"Simira alba (Mart.) Delprete, Margalho & Groppo",Simira,"alba (Mart.) Delprete, Margalho & Groppo",Yes,Yes,102,,,,,,,Rubiaceae
Simira grazielae Peixoto,Simira,grazielae Peixoto,Yes,Yes,255,,,,,,,Rubiaceae
Simira maxonii (Standl.) Steyerm.,Simira,maxonii (Standl.) Steyerm.,Yes,Yes,"68, 256",,,,,,,Rubiaceae
Simira panamensis (Dwyer) C. M. Taylor,Simira,panamensis (Dwyer) C. M. Taylor,Yes,Yes,68,,,,,,,Rubiaceae
Simira rubescens (Benth.) Bremek. ex Steyerm.,Simira,rubescens (Benth.) Bremek. ex Steyerm.,,,,Yes,209,,,,,Rubiaceae
Simira rubra (Mart.) Steyerm.,Simira,rubra (Mart.) Steyerm.,Yes,Yes,KN,,,,,,,Rubiaceae
Simira williamsii (Standl.) Steyerm.,Simira,williamsii (Standl.) Steyerm.,Yes,Yes,102,,,,,,,Rubiaceae
Sinoadina racemosa (Siebold & Zucc.) Ridsdale,Sinoadina,racemosa (Siebold & Zucc.) Ridsdale,Yes,Yes,"KN, 39",,,,,,,Rubiaceae
Solenandra mexicana (A. Gray) Borhidi,Solenandra,mexicana (A. Gray) Borhidi,Yes,Yes,68,Yes,"73, 209",,,Inactive,73,Rubiaceae
Solenandra sanctae-luciae (Kentish) Paudyal & Delprete,Solenandra,sanctae-luciae (Kentish) Paudyal & Delprete,,,,Yes,74,,,,,Rubiaceae
Sommera donnell-smithii Standl.,Sommera,donnell-smithii Standl.,Yes,Yes,68,,,,,,,Rubiaceae
Spermacoce alata (Aubl.) DC.,Spermacoce,alata (Aubl.) DC.,,,,Yes,168,,,,,Rubiaceae
Spermacoce capitata Ruiz & Pav,Spermacoce,capitata Ruiz & Pav,Yes,Yes,168,,,,,,,Rubiaceae
Spermacoce exilis (L.O. Wiliams) C. D. Adamns ex W. C. Burger & C.M. Taylor,Spermacoce,exilis (L.O. Wiliams) C. D. Adamns ex W. C. Burger & C.M. Taylor,Yes,Yes,169,,,,,,,Rubiaceae
Spermacoce hispida L.,Spermacoce,hispida L.,Yes,Yes,169,,,Yes,168,,,Rubiaceae
Spermacoce latifolia Aubl.,Spermacoce,latifolia Aubl.,,,,,,,,,,Rubiaceae
Spermacoce ocymoides Burm. F.,Spermacoce,ocymoides Burm. F.,Yes,Yes,169,Yes,209,,,,,Rubiaceae
Spermacoce princeae (K. Schum.) Verdc.,Spermacoce,princeae (K. Schum.) Verdc.,,,,Yes,76,,,Inactive,167,Rubiaceae
Spermacoce remota Lam.,Spermacoce,remota Lam.,Yes,Yes,96,,,,,,,Rubiaceae
Spermacoce tenuior L.,Spermacoce,tenuior L.,,,,,,,,,,Rubiaceae
Spermacoce verticillata L.,Spermacoce,verticillata L.,Yes,Yes,"102, 168",,,,,,,Rubiaceae
Spermadictyon suaveolens Roxb.,Spermadictyon,suaveolens Roxb.,Yes,Yes,257,,,,,,,Rubiaceae
Stenostomum acreanum (K.Krause) Achille & Delprete,Stenostomum,acreanum (K.Krause) Achille & Delprete,,,,Yes,209,,,,,Rubiaceae
Stenostomum acutatum DC.,Stenostomum,acutatum DC.,,,,,,,,,,Rubiaceae
Stenostomum lucidum (Sw.) C. F. Gaertn.,Stenostomum,lucidum (Sw.) C. F. Gaertn.,Yes,Yes,9,,,,,,,Rubiaceae
Stenostomum portoricense Britton & P. Wilson,Stenostomum,portoricense Britton & P. Wilson,Yes,Yes,11,,,,,,,Rubiaceae
Stenostomum resinosum (Vahl) Griseb.,Stenostomum,resinosum (Vahl) Griseb.,Yes,Yes,102,,,,,,,Rubiaceae
Strumpfia maritima Jacq.,Strumpfia,maritima Jacq.,,,,,,,,,,Rubiaceae
Tamilnadia uliginosa (Retz.) Tirveng. & Sastre,Tamilnadia,uliginosa (Retz.) Tirveng. & Sastre,Yes,Yes,35,,,,,,,Rubiaceae
Tarenna asiatica (L.) Kuntze ex K. Schum.,Tarenna,asiatica (L.) Kuntze ex K. Schum.,Yes,Yes,171,,,,,,,Rubiaceae
Tarenna bipindensis (K.Schum.) Bremek.,Tarenna,bipindensis (K.Schum.) Bremek.,Yes,Yes,258,,,,,,,Rubiaceae
Tarenna gracilipes (Hayata) Ohwi,Tarenna,gracilipes (Hayata) Ohwi,,,,,,,,,,Rubiaceae
Tarenna obtusifolia Merr.,Tarenna,obtusifolia Merr.,,,,,,,,,,Rubiaceae
Tarenna pavettoides (Harv.) Sim,Tarenna,pavettoides (Harv.) Sim,,,,,,,,Inactive,66,Rubiaceae
Tarenna vanprukii Craib,Tarenna,vanprukii Craib,Yes,Yes,170,,,,,,,Rubiaceae
Timonius gammillii Elmer,Timonius,gammillii Elmer,,,,,,,,Inactive,172,Rubiaceae
Timonius kaniensis Valeton,Timonius,kaniensis Valeton,Yes,Yes,173,,,,,,,Rubiaceae
Tinadendron noumeanum (Baill.) Achille,Tinadendron,noumeanum (Baill.) Achille,Yes,Yes,91,,,,,,,Rubiaceae
Tocoyena pittieri (Standl.) Standl.,Tocoyena,pittieri (Standl.) Standl.,Yes,Yes,68,,,,,,,Rubiaceae
Uncaria acida (W.Hunter) Roxb.,Uncaria,acida (W.Hunter) Roxb.,Yes,Yes,KN,,,,,,,Rubiaceae
Uncaria africana G.Don,Uncaria,africana G.Don,Yes,Yes,KN,,,,,,,Rubiaceae
Uncaria attenuata Korth.,Uncaria,attenuata Korth.,Yes,Yes,102,,,,,,,Rubiaceae
Uncaria borneensis Havil.,Uncaria,borneensis Havil.,Yes,Yes,102,,,,,,,Rubiaceae
Uncaria callophylla Blume ex Korth,Uncaria,callophylla Blume ex Korth,Yes,Yes,102,,,,,,,Rubiaceae
Uncaria cordata (Lour.) Merr.,Uncaria,cordata (Lour.) Merr.,Yes,Yes,102,,,,,,,Rubiaceae
Uncaria elliptica R. Br. ex G. Don,Uncaria,elliptica R. Br. ex G. Don,Yes,Yes,27,,,,,,,Rubiaceae
Uncaria gambir (W.Hunter) Roxb.,Uncaria,gambir (W.Hunter) Roxb.,Yes,Yes,KN,,,,,,,Rubiaceae
Uncaria guianensis (Aubl.) J. F. Gmel.,Uncaria,guianensis (Aubl.) J. F. Gmel.,Yes,Yes,102,Yes,"18, 209",,,,,Rubiaceae
Uncaria hirsuta Havil.,Uncaria,hirsuta Havil.,Yes,Yes,102,,,,,,,Rubiaceae
Uncaria homomalla Miq.,Uncaria,homomalla Miq.,Yes,Yes,KN,,,,,,,Rubiaceae
Uncaria laevigata Wall. ex G.Don,Uncaria,laevigata Wall. ex G.Don,Yes,Yes,KN,,,,,,,Rubiaceae
Uncaria lancifolia Hutch.,Uncaria,lancifolia Hutch.,Yes,Yes,KN,,,,,,,Rubiaceae
Uncaria lanosa Wall.,Uncaria,lanosa Wall.,Yes,Yes,KN,,,,,,,Rubiaceae
Uncaria lanosa var. glabrata (Blume) Ridsdale,Uncaria,lanosa var. glabrata (Blume) Ridsdale,Yes,Yes,102,,,,,,,Rubiaceae
Uncaria longiflora (Poir.) Merr.,Uncaria,longiflora (Poir.) Merr.,Yes,Yes,102,,,,,,,Rubiaceae
Uncaria longiflora var. longiflora,Uncaria,longiflora var. longiflora,Yes,Yes,102,,,,,,,Rubiaceae
Uncaria macrophylla Wall.,Uncaria,macrophylla Wall.,Yes,Yes,102,,,,,,,Rubiaceae
Uncaria orientalis Guillaumin,Uncaria,orientalis Guillaumin,Yes,Yes,KN,,,,,,,Rubiaceae
Uncaria rhynchophylla (Miq.) Miq.,Uncaria,rhynchophylla (Miq.) Miq.,Yes,Yes,102,,,,,,,Rubiaceae
Uncaria scandens (Sm.) Wall.,Uncaria,scandens (Sm.) Wall.,Yes,Yes,KN,,,,,,,Rubiaceae
Uncaria sessilifructus Roxb.,Uncaria,sessilifructus Roxb.,Yes,Yes,KN,,,,,,,Rubiaceae
Uncaria sinensis (Oliv.) Havil.,Uncaria,sinensis (Oliv.) Havil.,Yes,Yes,102,,,,,,,Rubiaceae
Uncaria tomentosa (Willd. ex Schult.) DC.,Uncaria,tomentosa (Willd. ex Schult.) DC.,Yes,Yes,68/102,Yes,209,,,,,Rubiaceae
Urophyllum arboreum (Reinw. ex Blume) Korth,Urophyllum,arboreum (Reinw. ex Blume) Korth,Yes,Yes,124,Yes,124,,,,,Rubiaceae
Vangueria agrestis (Schweinf. ex Hiern) Lantz,Vangueria,agrestis (Schweinf. ex Hiern) Lantz,Yes,Yes,59,Yes,59,,,Active,59,Rubiaceae
Vangueria infausta subsp. infausta,Vangueria,infausta subsp. infausta,Yes,Yes,179,Yes,"175, 205",,,Active,175,Rubiaceae
Vangueria madagascariensis J. F. Gmel.,Vangueria,madagascariensis J. F. Gmel.,,,,Yes,176,,,Inactive,178/189,Rubiaceae
Warszewiczia coccinea (Vahl) Klotzsch,Warszewiczia,coccinea (Vahl) Klotzsch,Yes,Yes,68,,,,,Inactive,158,Rubiaceae
Wendlandia burkillii Cowan,Wendlandia,burkillii Cowan,,,,Yes,SB [198] [206],,,,,Rubiaceae
Wendlandia heynei (Schult.) Santapau & Merchant,Wendlandia,heynei (Schult.) Santapau & Merchant,Yes,Yes,180,,,,,,,Rubiaceae
Wendlandia ligustroides (Boiss. & Hohen.) Blakelock,Wendlandia,ligustroides (Boiss. & Hohen.) Blakelock,,,,,,,,Active,13,Rubiaceae
Wittmackanthus stanleyanus (M. R. Schomb.) Kuntze,Wittmackanthus,stanleyanus (M. R. Schomb.) Kuntze,Yes,Yes,68,,,,,,,Rubiaceae
