Name,Genus,Species,Tested_for_Alkaloids,Alkaloids,Ref_Alks,Antimalarial_Use,Ref_H_Mal,History_Fever,Ref_H_Fever,Activity_Antimalarial,Ref_Activity,Family
Acokanthera oppositifolia (Lam.) Codd,Acokanthera,oppositifolia (Lam.) Codd,,,,,,,,,,Apocynaceae
Acokanthera schimperi (A. DC.) Schweinf.,Acokanthera,schimperi (A. DC.) Schweinf.,,,,Yes,[68],,,Active,67,Apocynaceae
Adenium boehmianum Schinz,Adenium,boehmianum Schinz,,,,,,,,,,Apocynaceae
Adenium multiflorum Klotzsch,Adenium,multiflorum Klotzsch,Yes,Yes,69,,,,,,,Apocynaceae
Adenium obesum (Forssk.) Roem. & Schult.,Adenium,obesum (Forssk.) Roem. & Schult.,,,,,,,,Inactive,91,Apocynaceae
Aganosma cymosa (Roxb.) G. Don,Aganosma,cymosa (Roxb.) G. Don,,,,,,,,,,Apocynaceae
Aganosma heynei (Spreng.) I. M. Turner,Aganosma,heynei (Spreng.) I. M. Turner,Yes,Yes,292,,,Yes,[79],,,Apocynaceae
Alafia barteri Oliv.,Alafia,barteri Oliv.,Yes,Yes,71,Yes,"L, R [71]",,,Active,71,Apocynaceae
Alafia caudata Stapf,Alafia,caudata Stapf,Yes,Yes,72,,,,,,,Apocynaceae
Alafia multiflora (Stapf) Stapf,Alafia,multiflora (Stapf) Stapf,Yes,Yes,72,,,,,,,Apocynaceae
Alafia spp.,Alafia,spp.,,,,,,,,,,Apocynaceae
Allamanda cathartica L.,Allamanda,cathartica L.,Yes,Yes,48/280,Yes,"[79, 329]",,,,,Apocynaceae
Allamanda schottii Pohl,Allamanda,schottii Pohl,Yes,Yes,50,,,,,,,Apocynaceae
Alstonia angustifolia Wall. ex A. DC.,Alstonia,angustifolia Wall. ex A. DC.,Yes,Yes,109,,,,,Inactive,109,Apocynaceae
Alstonia angustiloba Miq.,Alstonia,angustiloba Miq.,Yes,Yes,"KN, 90",,,,,Active,90,Apocynaceae
Alstonia boonei De Wild.,Alstonia,boonei De Wild.,Yes,Yes,128,Yes,"SB, R, L [128] [322, 328]",,,Inactive,110/146,Apocynaceae
Alstonia congensis Engl.,Alstonia,congensis Engl.,Yes,Yes,111,Yes,323,,,Active,111,Apocynaceae
Alstonia constricta F. Muell.,Alstonia,constricta F. Muell.,Yes,Yes,KN,,,,,,,Apocynaceae
Alstonia coriacea Pancher ex S. Moore,Alstonia,coriacea Pancher ex S. Moore,Yes,Yes,KN,,,,,,,Apocynaceae
Alstonia deplanchei Van Heurck & Müll. Arg.,Alstonia,deplanchei Van Heurck & Müll. Arg.,Yes,Yes,KN,,,,,,,Apocynaceae
Alstonia lanceolifera S. Moore,Alstonia,lanceolifera S. Moore,Yes,Yes,KN,,,,,,,Apocynaceae
Alstonia legouixiae Van Heurck & Müll. Arg.,Alstonia,legouixiae Van Heurck & Müll. Arg.,Yes,Yes,KN,,,,,,,Apocynaceae
Alstonia lenormandii Van Heurck & Müll.Arg.,Alstonia,lenormandii Van Heurck & Müll.Arg.,Yes,Yes,KN,,,,,,,Apocynaceae
Alstonia longifolia (A. DC.) Pichon,Alstonia,longifolia (A. DC.) Pichon,Yes,Yes,38,Yes,329,,,,,Apocynaceae
Alstonia macrophylla Wall. ex G. Don,Alstonia,macrophylla Wall. ex G. Don,Yes,Yes,108,,,,,Active,112,Apocynaceae
Alstonia mairei H. Lév.,Alstonia,mairei H. Lév.,Yes,Yes,247,,,,,,,Apocynaceae
Alstonia muelleriana Domin,Alstonia,muelleriana Domin,Yes,Yes,KN,,,,,,,Apocynaceae
Alstonia odontophora Boiteau,Alstonia,odontophora Boiteau,Yes,Yes,KN,,,,,,,Apocynaceae
Alstonia pneumatophora Backer ex Den berger,Alstonia,pneumatophora Backer ex Den berger,Yes,Yes,247,,,,,,,Apocynaceae
Alstonia quaternata Van Heurck & Müll.Arg.,Alstonia,quaternata Van Heurck & Müll.Arg.,Yes,Yes,KN,,,,,,,Apocynaceae
Alstonia rostrata C. E. C. Fisch.,Alstonia,rostrata C. E. C. Fisch.,Yes,Yes,201,,,,,,,Apocynaceae
Alstonia rupestris Kerr,Alstonia,rupestris Kerr,Yes,Yes,108,,,,,,,Apocynaceae
Alstonia scholaris (L.) R. Br.,Alstonia,scholaris (L.) R. Br.,Yes,Yes,"KN, 88",Yes,"[79, 327]",,,Inactive,88,Apocynaceae
Alstonia spatulata Blume,Alstonia,spatulata Blume,Yes,Yes,KN,,,,,,,Apocynaceae
Alstonia spectabilis R. Br.,Alstonia,spectabilis R. Br.,Yes,Yes,KN,Yes,SB [88] [327],,,Active,88,Apocynaceae
Alstonia sphaerocapitata Boiteau,Alstonia,sphaerocapitata Boiteau,Yes,Yes,KN,,,,,,,Apocynaceae
Alstonia venenata R. Br.,Alstonia,venenata R. Br.,Yes,Yes,"KN, 79",,,,,,,Apocynaceae
Alstonia vieillardii Van Heurck & Müll.Arg.,Alstonia,vieillardii Van Heurck & Müll.Arg.,Yes,Yes,KN,,,,,,,Apocynaceae
Alstonia yunnanensis Diels,Alstonia,yunnanensis Diels,Yes,Yes,247,,,,,,,Apocynaceae
Alyxia stellata (J. R. Forst. & G. Forst.) Roem. & Schult.,Alyxia,stellata (J. R. Forst. & G. Forst.) Roem. & Schult.,Yes,Yes,280,,,,,Inactive,73,Apocynaceae
Amalocalyx microlobus Pierre ex Spire,Amalocalyx,microlobus Pierre ex Spire,,,,,,,,,,Apocynaceae
Ambelania acida Aubl.,Ambelania,acida Aubl.,Yes,Yes,65,,,,,,,Apocynaceae
Amphineurion marginatum (Roxb.) D. J. Middleton,Amphineurion,marginatum (Roxb.) D. J. Middleton,Yes,Yes,72,Yes,"SB, S [70]",Yes,[79],Inactive,70,Apocynaceae
Amsonia elliptica (Thunb.) Roem. & Schult.,Amsonia,elliptica (Thunb.) Roem. & Schult.,Yes,Yes,76,,,,,,,Apocynaceae
Amsonia tabernaemontana Walter,Amsonia,tabernaemontana Walter,Yes,Yes,"KN, 74",,,,,,,Apocynaceae
Amsonia tomentosa var. tomentosa,Amsonia,tomentosa var. tomentosa,Yes,Yes,75,,,,,,,Apocynaceae
Anisopus mannii N. E. Br.,Anisopus,mannii N. E. Br.,Yes,Yes,77,,,,,,,Apocynaceae
Anodendron affine (Hook. & Arn.) Druve,Anodendron,affine (Hook. & Arn.) Druve,Yes,Yes,"78, 143",,,,,,,Apocynaceae
Anodendron oblongifolium Hemsl.,Anodendron,oblongifolium Hemsl.,,,,,,,,,,Apocynaceae
Apocynum cannabinum L.,Apocynum,cannabinum L.,,,,,,,,,,Apocynaceae
Apocynum venetum subsp. basikurumon (H.Hara) ined.,Apocynum,venetum subsp. basikurumon (H.Hara) ined.,,,,,,,,,,Apocynaceae
Apteranthes europaea (Guss.) Murb.,Apteranthes,europaea (Guss.) Murb.,Yes,Yes,96,,,,,,,Apocynaceae
Apteranthes europaea var. judaica (Zohary) Plowes,Apteranthes,europaea var. judaica (Zohary) Plowes,,,,,,,,,,Apocynaceae
Apteranthes tuberculata (N. E. Br.) Meve & Liede,Apteranthes,tuberculata (N. E. Br.) Meve & Liede,,,,,,,,Inactive,91,Apocynaceae
Araujia sericifera Brot.,Araujia,sericifera Brot.,Yes,Yes,KN,,,,,,,Apocynaceae
Asclepias curassavica L.,Asclepias,curassavica L.,Yes,Yes,51,Yes,"[52, 329]",,,,,Apocynaceae
Asclepias eriocarpa Benth.,Asclepias,eriocarpa Benth.,Yes,Yes,321,,,,,,,Apocynaceae
Asclepias humistrata Walter,Asclepias,humistrata Walter,,,,,,,,,,Apocynaceae
Asclepias incarnata L.,Asclepias,incarnata L.,,,,,,,,,,Apocynaceae
Asclepias labriformis M. E. Jones,Asclepias,labriformis M. E. Jones,Yes,Yes,321,,,,,,,Apocynaceae
Asclepias sullivantii Engelm. ex A.Gray,Asclepias,sullivantii Engelm. ex A.Gray,,,,,,,,,,Apocynaceae
Asclepias syriaca L.,Asclepias,syriaca L.,Yes,Yes,KN,,,,,,,Apocynaceae
Asclepias tuberosa L.,Asclepias,tuberosa L.,,,,,,,,,,Apocynaceae
Aspidosperma album (Vahl) Benoist ex Pichon,Aspidosperma,album (Vahl) Benoist ex Pichon,Yes,Yes,2,Yes,329,Yes,[309],,,Apocynaceae
Aspidosperma auriculatum Markgr.,Aspidosperma,auriculatum Markgr.,Yes,Yes,5,Yes,[310],,,,,Apocynaceae
Aspidosperma carapanauba Pichon,Aspidosperma,carapanauba Pichon,Yes,Yes,16,Yes,329,,,,,Apocynaceae
Aspidosperma cuspa (Kunth) S. F. Blake ex Pittier,Aspidosperma,cuspa (Kunth) S. F. Blake ex Pittier,Yes,Yes,7,,,Yes,[309],,,Apocynaceae
Aspidosperma cylindrocarpon Müll. Arg.,Aspidosperma,cylindrocarpon Müll. Arg.,Yes,Yes,8,,,,,Inactive,295,Apocynaceae
Aspidosperma desmanthum Benth. Ex Müll. Arg.,Aspidosperma,desmanthum Benth. Ex Müll. Arg.,Yes,Yes,11,Yes,329,Yes, L [311],Active,300,Apocynaceae
Aspidosperma discolor A. DC.,Aspidosperma,discolor A. DC.,Yes,Yes,4,Yes,"B [315, 329]",,,,,Apocynaceae
Aspidosperma eburneum allemão ex Saldanha,Aspidosperma,eburneum allemão ex Saldanha,Yes,Yes,5,,,,,,,Apocynaceae
Aspidosperma excelsum Benth. ex Müll. Arg.,Aspidosperma,excelsum Benth. ex Müll. Arg.,Yes,Yes,3,Yes,"B [19] U [23, 309,312] B & L [311]",Yes,[309],Active [298],23/298,Apocynaceae
Aspidosperma illustre (Vell.) Kuhim. & Piraja,Aspidosperma,illustre (Vell.) Kuhim. & Piraja,Yes,Yes,40,Yes,329,,,,,Apocynaceae
Aspidosperma limae Woodson,Aspidosperma,limae Woodson,Yes,Yes,KN,,,,,,,Apocynaceae
Aspidosperma macrocarpon Mart.,Aspidosperma,macrocarpon Mart.,Yes,Yes,12,,,,,Active,66,Apocynaceae
Aspidosperma megalocarpon Müll. Arg.,Aspidosperma,megalocarpon Müll. Arg.,Yes,Yes,13,Yes,B [315],Yes,[294],Active,294,Apocynaceae
Aspidosperma megaphyllum Woodson,Aspidosperma,megaphyllum Woodson,,,,Yes,"[41, 329]",,,,,Apocynaceae
Aspidosperma multiflorum A. DC.,Aspidosperma,multiflorum A. DC.,Yes,Yes,5,,,,,,,Apocynaceae
Aspidosperma nigricans Handro,Aspidosperma,nigricans Handro,Yes,Yes,5,,,,,Inactive,46,Apocynaceae
Aspidosperma oblongum A. DC.,Aspidosperma,oblongum A. DC.,Yes,Yes,5/16,Yes,329,,,Active,296,Apocynaceae
Aspidosperma obscurinervium Azambuja,Aspidosperma,obscurinervium Azambuja,Yes,Yes,9,,,,,,,Apocynaceae
Aspidosperma olivaceum Müll. Arg.,Aspidosperma,olivaceum Müll. Arg.,Yes,Yes,5,,,,,Active,295,Apocynaceae
Aspidosperma pachypterum Müll. Arg.,Aspidosperma,pachypterum Müll. Arg.,Yes,Yes,65,,,,,,,Apocynaceae
Aspidosperma parvifolium A. DC.,Aspidosperma,parvifolium A. DC.,Yes,Yes,14,Yes,B [313],Yes,"U [309, 311] B [313]",Active [300],1/300,Apocynaceae
Aspidosperma pichonianum Woodson,Aspidosperma,pichonianum Woodson,,,,Yes,329,,,,,Apocynaceae
Aspidosperma polyneuron Müll Arg.,Aspidosperma,polyneuron Müll Arg.,Yes,Yes,16,Yes,[313],Yes,[313],Active,1,Apocynaceae
Aspidosperma pyrifolium Mart.,Aspidosperma,pyrifolium Mart.,Yes,Yes,5,,,,,Inactive,297/306,Apocynaceae
Aspidosperma quebracho-blanco Schltdl,Aspidosperma,quebracho-blanco Schltdl,Yes,Yes,10,Yes,U [314] B [315],Yes,U [314] B [315],Active,33,Apocynaceae
Aspidosperma ramiflorum Müll. Arg.,Aspidosperma,ramiflorum Müll. Arg.,Yes,Yes,"KN, 15",,,,,Active,295,Apocynaceae
Aspidosperma rigidum Rusby,Aspidosperma,rigidum Rusby,Yes,Yes,17,Yes,B [19] U [23],Yes,B [317],Active,23,Apocynaceae
Aspidosperma sandwithianum Markgr.,Aspidosperma,sandwithianum Markgr.,Yes,Yes,39,,,,,,,Apocynaceae
Aspidosperma schultesii Woodson,Aspidosperma,schultesii Woodson,Yes,Yes,17,Yes,B [41],Yes,B [311],,,Apocynaceae
Aspidosperma spruceanum Benth. Ex Müll. Arg.,Aspidosperma,spruceanum Benth. Ex Müll. Arg.,Yes,Yes,5,Yes,329,,,Active,295,Apocynaceae
Aspidosperma subincanum Mart,Aspidosperma,subincanum Mart,Yes,Yes,5,Yes,B [204],,,Active [300],"41, KN/300",Apocynaceae
Aspidosperma tomentosum Mart,Aspidosperma,tomentosum Mart,Yes,Yes,5/6,Yes,[66],,,Active,25,Apocynaceae
Aspidosperma ulei Markg.,Aspidosperma,ulei Markg.,Yes,Yes,16/299,Yes,329,,,Inactive,299,Apocynaceae
Bahiella infundibuliflora J. F. Morales,Bahiella,infundibuliflora J. F. Morales,Yes,Yes,144,,,,,,,Apocynaceae
Baissea axillaris (Benth.) Hua,Baissea,axillaris (Benth.) Hua,Yes,No,82,,,,,,,Apocynaceae
Baroniella acuminata (Choux) Bullock,Baroniella,acuminata (Choux) Bullock,,,,,,,,,,Apocynaceae
Beaumontia brevituba Oliv.,Beaumontia,brevituba Oliv.,,,,,,,,,,Apocynaceae
Beaumontia grandiflora Wall.,Beaumontia,grandiflora Wall.,Yes,Yes,83,,,,,,,Apocynaceae
Beaumontia murtonii Craib,Beaumontia,murtonii Craib,,,,,,,,,,Apocynaceae
Boucerosia diffusa (wight),Boucerosia,diffusa (wight),Yes,Yes,94,,,,,,,Apocynaceae
Boucerosia indica (Wight & Arn.) Plowes,Boucerosia,indica (Wight & Arn.) Plowes,,,,,,,,,,Apocynaceae
Boucerosia pauciflora Wight,Boucerosia,pauciflora Wight,,,,,,,,,,Apocynaceae
Boucerosia umbellata (Haw.) Wight & Arn.,Boucerosia,umbellata (Haw.) Wight & Arn.,,,,,,,,,,Apocynaceae
Bousigonia angustifolia Pierre ex Spire,Bousigonia,angustifolia Pierre ex Spire,Yes,Yes,84,,,,,,,Apocynaceae
Bousigonia mekongensis Pierre,Bousigonia,mekongensis Pierre,Yes,Yes,84,,,,,,,Apocynaceae
Buckollia volubilis (Schltr.) Venter & R. L. Verh.,Buckollia,volubilis (Schltr.) Venter & R. L. Verh.,,,,Yes,B [103],,,,,Apocynaceae
Callichilia barteri (Hook. f.) Stapf,Callichilia,barteri (Hook. f.) Stapf,Yes,Yes,"KN, 85",,,,,Active,26/KN,Apocynaceae
Callichilia subsessilis (Benth.) Stapf,Callichilia,subsessilis (Benth.) Stapf,Yes,Yes,86,,,,,,,Apocynaceae
Calotropis gigantea (L.) W. T. Aiton,Calotropis,gigantea (L.) W. T. Aiton,Yes,Yes,87/90,Yes,R [88] [324],,,Active,87/88/90,Apocynaceae
Calotropis procera (Aiton) W. T. Aiton,Calotropis,procera (Aiton) W. T. Aiton,,,,Yes,"R, Fl [89]",Yes,La [89],Active,34/36/89,Apocynaceae
Caralluma adscendens var. adscendens,Caralluma,adscendens var. adscendens,Yes,Yes,291,,,,,,,Apocynaceae
Caralluma adscendens var. gracilis Gravely & Mayur.,Caralluma,adscendens var. gracilis Gravely & Mayur.,,,,,,,,,,Apocynaceae
Caralluma dalzielii N. E. Br.,Caralluma,dalzielii N. E. Br.,Yes,Yes,274,,,,,,,Apocynaceae
Caralluma fimbriata Wall.,Caralluma,fimbriata Wall.,Yes,Yes,93,,,,,,,Apocynaceae
Caralluma stalagmifera C.E.C.Fisch.,Caralluma,stalagmifera C.E.C.Fisch.,,,,,,,,,,Apocynaceae
Carissa carandas L.,Carissa,carandas L.,Yes,Yes,105,,,Yes,"L, R [79]",,,Apocynaceae
Carissa macrocarpa (Eckl.) A. DC.,Carissa,macrocarpa (Eckl.) A. DC.,Yes,No,104,,,,,,,Apocynaceae
Carissa spinarum L.,Carissa,spinarum L.,Yes,Yes,99,Yes,R [97],Yes,"L, R [79]",Active,97,Apocynaceae
Cascabela thevetia (L.) Lippold,Cascabela,thevetia (L.) Lippold,Yes,Yes,37,Yes,[261],Yes,B [316],Inactive,36/159,Apocynaceae
Catharanthus lanceus (Bojer ex A.DC.) Pichon,Catharanthus,lanceus (Bojer ex A.DC.) Pichon,Yes,Yes,KN,,,,,,,Apocynaceae
Catharanthus longifolius (Pichon) Pichon,Catharanthus,longifolius (Pichon) Pichon,Yes,Yes,KN,,,,,,,Apocynaceae
Catharanthus ovalis Markgr.,Catharanthus,ovalis Markgr.,Yes,Yes,KN,,,,,,,Apocynaceae
Catharanthus pusillus (Murray) G. Don,Catharanthus,pusillus (Murray) G. Don,Yes,Yes,"KN, 266",,,,,,,Apocynaceae
Catharanthus roseus (L.) G. Don,Catharanthus,roseus (L.) G. Don,Yes,Yes,35,Yes,A [313],Yes,A [313],Inactive,34/36,Apocynaceae
Catharanthus trichophyllus (Baker) Pichon,Catharanthus,trichophyllus (Baker) Pichon,Yes,Yes,KN,,,,,,,Apocynaceae
Caudanthera edulis (Edgew.) Meve & Liede,Caudanthera,edulis (Edgew.) Meve & Liede,Yes,Yes,107,Yes,"Se, S [275]",,,,,Apocynaceae
Caudanthera sinaica (Decne.) Plowes,Caudanthera,sinaica (Decne.) Plowes,,,,,,,,Inactive,95,Apocynaceae
Cerbera manghas L.,Cerbera,manghas L.,Yes,Yes,114,Yes,[114],Yes,[114],,,Apocynaceae
Cerbera odollam Gaertn.,Cerbera,odollam Gaertn.,Yes,Yes,115,,,,,,,Apocynaceae
Cerberiopsis candelabra Vieill. ex Pancher & Sebert,Cerberiopsis,candelabra Vieill. ex Pancher & Sebert,,,,,,,,,,Apocynaceae
Ceropegia bulbosa Roxb.,Ceropegia,bulbosa Roxb.,Yes,Yes,118,,,,,,,Apocynaceae
Ceropegia fusca Bolle,Ceropegia,fusca Bolle,,,,,,,,,,Apocynaceae
Ceropegia juncea Roxb.,Ceropegia,juncea Roxb.,Yes,Yes,117,,,,,,,Apocynaceae
Ceropegia media (H. Huber) Ansari,Ceropegia,media (H. Huber) Ansari,Yes,Yes,121,,,,,,,Apocynaceae
"Ceropegia sahyadrica var. karulensis (Punekar, Tamhankar, Lakshmin., Kumaran, Raut, S. K. Srivast. & Kavade) Kambale & S. R. Yadav",Ceropegia,"sahyadrica var. karulensis (Punekar, Tamhankar, Lakshmin., Kumaran, Raut, S. K. Srivast. & Kavade) Kambale & S. R. Yadav",Yes,Yes,120,,,,,,,Apocynaceae
Chilocarpus costatus Miq.,Chilocarpus,costatus Miq.,,,,,,,,Active,122,Apocynaceae
Chloropetalum denticulatum (Vahl) Morillo,Chloropetalum,denticulatum (Vahl) Morillo,Yes,Yes,53,,,,,,,Apocynaceae
Chonemorpha fragrans (Moon) Alston,Chonemorpha,fragrans (Moon) Alston,Yes,Yes,124,,,Yes,"Wp, R [79]",,,Apocynaceae
Cionura erecta (L.) Griseb.,Cionura,erecta (L.) Griseb.,,,,,,,,,,Apocynaceae
Condylocarpon isthmicum (Vell.) A. DC.,Condylocarpon,isthmicum (Vell.) A. DC.,,,,,,,,Inactive,66,Apocynaceae
Cosmostigma cordatum (Poir.) M. R. Almeida,Cosmostigma,cordatum (Poir.) M. R. Almeida,Yes,Yes,119,,,,,,,Apocynaceae
Craspidospermum verticillatum Bojer ex Decne.,Craspidospermum,verticillatum Bojer ex Decne.,Yes,Yes,126,,,,,,,Apocynaceae
Crioceras dipladeniiflorus (Stapf) K. Schum.,Crioceras,dipladeniiflorus (Stapf) K. Schum.,Yes,Yes,126,,,,,,,Apocynaceae
Cryptolepis apiculata K. Schum.,Cryptolepis,apiculata K. Schum.,Yes,No,284,,,,,,,Apocynaceae
Cryptolepis buchananii R. Br. ex Roem. & Schult.,Cryptolepis,buchananii R. Br. ex Roem. & Schult.,Yes,Yes,119,,,,,,,Apocynaceae
Cryptolepis capensis Schltr.,Cryptolepis,capensis Schltr.,Yes,No,284,,,,,,,Apocynaceae
Cryptolepis cryptolepioides (SChltr.) Bullock,Cryptolepis,cryptolepioides (SChltr.) Bullock,Yes,No,284,,,,,,,Apocynaceae
Cryptolepis decidua (Planch. ex Benth.) N. E. Br.,Cryptolepis,decidua (Planch. ex Benth.) N. E. Br.,Yes,Yes,150,,,,,,,Apocynaceae
Cryptolepis hypoglauca K. Schum.,Cryptolepis,hypoglauca K. Schum.,Yes,Yes,284,,,,,,,Apocynaceae
Cryptolepis nigrescens (Wennberg) L. Joubert & Bruyns,Cryptolepis,nigrescens (Wennberg) L. Joubert & Bruyns,Yes,Yes,290,Yes,L [193],,,Inactive,146,Apocynaceae
Cryptolepis obtusa N. E. Br.,Cryptolepis,obtusa N. E. Br.,Yes,No,284,,,,,,,Apocynaceae
Cryptolepis sanguinolenta (Lindl.) Schltr.,Cryptolepis,sanguinolenta (Lindl.) Schltr.,Yes,Yes,"KN, 127",Yes,R [128],,,Active,127,Apocynaceae
Cryptostegia grandiflora (Roxb.) R. Br.,Cryptostegia,grandiflora (Roxb.) R. Br.,,,,,,,,,,Apocynaceae
Cryptostegia madagascariensis Bojer ex Decne.,Cryptostegia,madagascariensis Bojer ex Decne.,,,,,,,,,,Apocynaceae
Cynanchum maximoviczii Pobed.,Cynanchum,maximoviczii Pobed.,Yes,Yes,132,,,,,,,Apocynaceae
Cynanchum menarandrense Jum. & H.Perrier,Cynanchum,menarandrense Jum. & H.Perrier,,,,,,,,,,Apocynaceae
Cynanchum otophyllum C.K.Schneid.,Cynanchum,otophyllum C.K.Schneid.,Yes,Yes,KN,,,,,,,Apocynaceae
Cynanchum wallichii Wight,Cynanchum,wallichii Wight,Yes,Yes,KN,,,,,,,Apocynaceae
Cynanchum wilfordii (Maxim.) Hook. f.,Cynanchum,wilfordii (Maxim.) Hook. f.,Yes,Yes,131,,,,,,,Apocynaceae
Decalepis arayalpathra (J. Joseph & V. Chandras.) Venter,Decalepis,arayalpathra (J. Joseph & V. Chandras.) Venter,Yes,Yes,139,,,,,,,Apocynaceae
Decalepis hamiltonii Wight & Arn.,Decalepis,hamiltonii Wight & Arn.,Yes,Yes,293,,,,,,,Apocynaceae
Decalepis nervosa (Wight & Arn.) Venter,Decalepis,nervosa (Wight & Arn.) Venter,Yes,Yes,138,,,,,,,Apocynaceae
Desmidorchis aucheriana (Decne.) Kuntze,Desmidorchis,aucheriana (Decne.) Kuntze,,,,,,,,,,Apocynaceae
Desmidorchis flava (N.E.Br.) Meve & Liede,Desmidorchis,flava (N.E.Br.) Meve & Liede,,,,,,,,,,Apocynaceae
Desmidorchis penicillata (Deflers) Plowes,Desmidorchis,penicillata (Deflers) Plowes,,,,,,,,Active,92,Apocynaceae
Desmidorchis retrospiciens Ehrenb.,Desmidorchis,retrospiciens Ehrenb.,,,,,,,,Inactive,91,Apocynaceae
Dictyophleba lucida (K. Schum) Pierre,Dictyophleba,lucida (K. Schum) Pierre,Yes,Yes,140,,,,,,,Apocynaceae
Diplorhynchus condylocarpon (Müll. Arg.) Pichon,Diplorhynchus,condylocarpon (Müll. Arg.) Pichon,Yes,Yes,KN,Yes,SB [125],,,Inactive,100,Apocynaceae
Dischidia formosana Maxim.,Dischidia,formosana Maxim.,Yes,Yes,237,,,,,,,Apocynaceae
Ditassa eximia Decne.,Ditassa,eximia Decne.,Yes,Yes,144,,,,,,,Apocynaceae
Ditassa lenheirensis Silveira,Ditassa,lenheirensis Silveira,Yes,Yes,144,,,,,,,Apocynaceae
Dregea sinensis Hemsl,Dregea,sinensis Hemsl,,,,,,,,,,Apocynaceae
Dregea sinensis var. corrugata (C.K.Schneid.) Y.Tsiang & P.T.Li,Dregea,sinensis var. corrugata (C.K.Schneid.) Y.Tsiang & P.T.Li,,,,,,,,,,Apocynaceae
Dyera costulata (Miq.) Hook. F.,Dyera,costulata (Miq.) Hook. F.,Yes,Yes,"KN, 90",,,,,"Active [90, 336]",90/KN/336,Apocynaceae
Echites panduratus,Echites,panduratus,Yes,Yes,"143, 282",,,,,,,Apocynaceae
Echites umbellatus Jacq.,Echites,umbellatus Jacq.,Yes,Yes,"143, 144, 330",,,,,,,Apocynaceae
Echites yucatanensis Millsp. ex Standl.,Echites,yucatanensis Millsp. ex Standl.,,,,,,,,,,Apocynaceae
Epigynum auritum (C.K.Schneid.) Tsiang & P.T.Li,Epigynum,auritum (C.K.Schneid.) Tsiang & P.T.Li,,,,,,,,,,Apocynaceae
Epigynum cochinchinensis (Pierre) D.J.Middleton,Epigynum,cochinchinensis (Pierre) D.J.Middleton,,,,,,,,,,Apocynaceae
Eucorymbia alba Stapf,Eucorymbia,alba Stapf,Yes,Yes,144,,,,,,,Apocynaceae
Fischeria stellata (Vell.) E. Fourn.,Fischeria,stellata (Vell.) E. Fourn.,Yes,Yes,53,Yes,L [316],,,,,Apocynaceae
Funtumia africana (Benth.) Stapf,Funtumia,africana (Benth.) Stapf,Yes,Yes,346,Yes,"R [148] [325, 328]",,,Active [149],"149, 325",Apocynaceae
Funtumia elastica (Preuss) Stapf,Funtumia,elastica (Preuss) Stapf,Yes,Yes,145,Yes,SB [147],,,Active,145,Apocynaceae
Galactophora schomburgkiana,Galactophora,schomburgkiana,Yes,Yes,144,,,,,,,Apocynaceae
Geissospermum argenteum Woodson,Geissospermum,argenteum Woodson,Yes,Yes,KN,Yes,B [19/20/21] U [311],,,Active,"20, KN/300",Apocynaceae
Geissospermum laeve (Vell.) Miers,Geissospermum,laeve (Vell.) Miers,Yes,Yes,18,Yes,SB [18] B [21] B [319],,,Active,18,Apocynaceae
Geissospermum reticulatum A. H. Gentry,Geissospermum,reticulatum A. H. Gentry,Yes,Yes,24,Yes,329,,,,,Apocynaceae
Geissospermum sericeum Miers,Geissospermum,sericeum Miers,Yes,Yes,"KN, 21",Yes,B [21/312],Yes,B [313],Active [21],21/296,Apocynaceae
Geissospermum urceolatum A. H. Gentry,Geissospermum,urceolatum A. H. Gentry,Yes,Yes,45,Yes,329,,,,,Apocynaceae
Glossostelma carsonii (N. E. Br.) Bullock,Glossostelma,carsonii (N. E. Br.) Bullock,,,,,,,,,,Apocynaceae
Gomphocarpus fruticosus (L.) W.T.Aiton,Gomphocarpus,fruticosus (L.) W.T.Aiton,,,,,,,,Inactive,92/100,Apocynaceae
Gomphocarpus semilunatus A. Rich.,Gomphocarpus,semilunatus A. Rich.,,,,Yes,[34],,,Inactive,34,Apocynaceae
Gomphocarpus sinaicus Boiss.,Gomphocarpus,sinaicus Boiss.,,,,,,,,,,Apocynaceae
Gongronema napalense (Wall.) Decne.,Gongronema,napalense (Wall.) Decne.,,,,,,,,Inactive,153,Apocynaceae
Gonioma kamassi E. Mey.,Gonioma,kamassi E. Mey.,Yes,Yes,156,,,,,,,Apocynaceae
Gonioma malagasy Markgr. & Boiteau,Gonioma,malagasy Markgr. & Boiteau,Yes,Yes,155,,,,,Inactive,155,Apocynaceae
Gymnema decaisneanum Wight,Gymnema,decaisneanum Wight,Yes,Yes,158,,,,,,,Apocynaceae
Gymnema elegans Wight & Arn.,Gymnema,elegans Wight & Arn.,Yes,Yes,158,,,,,,,Apocynaceae
Gymnema griffithii Craib,Gymnema,griffithii Craib,,,,,,,,,,Apocynaceae
Gymnema inodorum (Lour.) Decne.,Gymnema,inodorum (Lour.) Decne.,,,,,,,,Active,157,Apocynaceae
Gymnema latifolium Wall. ex Wight,Gymnema,latifolium Wall. ex Wight,Yes,Yes,158,,,,,,,Apocynaceae
Gymnema sylvestre (Retz.) R. Br. ex Sm.,Gymnema,sylvestre (Retz.) R. Br. ex Sm.,Yes,Yes,119/158,,,,,Inactive,101,Apocynaceae
Gymnema yunnanense Tsiang,Gymnema,yunnanense Tsiang,Yes,Yes,347,,,,,,,Apocynaceae
Hancornia speciosa Gomes,Hancornia,speciosa Gomes,Yes,Yes,160,,,,,Inactive,66,Apocynaceae
Haplophyton cimicidum A. DC.,Haplophyton,cimicidum A. DC.,Yes,Yes,"KN, 162",,,,,,,Apocynaceae
Haplophyton crooksi (L. D. Benson) L. D. Benson,Haplophyton,crooksi (L. D. Benson) L. D. Benson,Yes,Yes,"KN, 161",,,,,,,Apocynaceae
Hemidesmus indicus (L.) R. Br.,Hemidesmus,indicus (L.) R. Br.,Yes,Yes,"119, 335",,,,,Inactive,163,Apocynaceae
Heterostemma brownii Hayata,Heterostemma,brownii Hayata,Yes,Yes,KN,,,,,,,Apocynaceae
Himatanthus articulatus (Vahl) Woodson,Himatanthus,articulatus (Vahl) Woodson,Yes,Yes,30,Yes,La [19] U [23/28/54],Yes,[311],Inactive,22/29,Apocynaceae
Himatanthus attenuatus (Benth.) Woodson,Himatanthus,attenuatus (Benth.) Woodson,Yes,Yes,43,,,,,,,Apocynaceae
Himatanthus bracteatus (A. DC.) Woodson,Himatanthus,bracteatus (A. DC.) Woodson,Yes,Yes,27,Yes,B [313],Yes,B [313],,,Apocynaceae
Himatanthus drasticus (Mart.) Plumel,Himatanthus,drasticus (Mart.) Plumel,Yes,Yes,31,,,,,,,Apocynaceae
Himatanthus obovatus (Müll. Arg.) Woodson,Himatanthus,obovatus (Müll. Arg.) Woodson,,,,,,,,Inactive,66,Apocynaceae
Himatanthus revolutus (Huber) Spina & Kin.-Gouv.,Himatanthus,revolutus (Huber) Spina & Kin.-Gouv.,,,,Yes,B [54],,,,,Apocynaceae
Himatanthus tarapotensis (K. Schum. Ex Markgr.) Plumel,Himatanthus,tarapotensis (K. Schum. Ex Markgr.) Plumel,Yes,Yes,44,Yes,329,,,,,Apocynaceae
Holarrhena congolensis Stapf,Holarrhena,congolensis Stapf,Yes,Yes,167,,,,,,,Apocynaceae
Holarrhena curtisii King & Gamble,Holarrhena,curtisii King & Gamble,Yes,Yes,168,,,,,,,Apocynaceae
Holarrhena floribunda (G. Don) T. Durand & Schinz,Holarrhena,floribunda (G. Don) T. Durand & Schinz,Yes,Yes,"KN, 166",Yes,[200],,,,,Apocynaceae
Holarrhena mitis (Vahl) R. Br. Ex Roem. & Schult.,Holarrhena,mitis (Vahl) R. Br. Ex Roem. & Schult.,Yes,Yes,KN,,,,,,,Apocynaceae
Holarrhena pubescens Wal. ex G. Don,Holarrhena,pubescens Wal. ex G. Don,Yes,Yes,"KN, 36, 330",Yes,R [125] [325],Yes,[79],Active,36,Apocynaceae
Hoodia gordonii (Masson) Sweet ex Decne.,Hoodia,gordonii (Masson) Sweet ex Decne.,Yes,Yes,169,,,,,,,Apocynaceae
Hoya carnosa (L.f.) R.Br.,Hoya,carnosa (L.f.) R.Br.,,,,,,,,,,Apocynaceae
Hoya kerrii Craib,Hoya,kerrii Craib,,,,,,,,,,Apocynaceae
Hoya longifolia Wall. ex Wight,Hoya,longifolia Wall. ex Wight,,,,,,,,,,Apocynaceae
Hoya verticillata var. verticillata,Hoya,verticillata var. verticillata,Yes,Yes,170,,,,,,,Apocynaceae
Hunteria congolana Pichon,Hunteria,congolana Pichon,Yes,Yes,KN,,,,,,,Apocynaceae
Hunteria umbellata (K. Schum.) Hallier f.,Hunteria,umbellata (K. Schum.) Hallier f.,Yes,Yes,"KN, 286",Yes,SB [147],,,Active,147,Apocynaceae
Hunteria zeylanica (Retz.) Gardner ex Thwaites,Hunteria,zeylanica (Retz.) Gardner ex Thwaites,Yes,Yes,171,,,,,Active,171,Apocynaceae
Ichnocarpus frutescens,Ichnocarpus,frutescens,Yes,Yes,172,,,Yes,[79],,,Apocynaceae
Ischnolepis natalensis (Schltr.) Venter,Ischnolepis,natalensis (Schltr.) Venter,Yes,Yes,144,,,,,,,Apocynaceae
Jasminanthes mucronata (Blanco) W.D.Stevens & P.T.Li,Jasminanthes,mucronata (Blanco) W.D.Stevens & P.T.Li,Yes,Yes,"342, 343, 344, 345",,,,,,,Apocynaceae
Kanahia laniflora (Forssk.) R. Br.,Kanahia,laniflora (Forssk.) R. Br.,,,,,,,,Inactive,173,Apocynaceae
Kibatalia gitingensis (Elmer) Woodson,Kibatalia,gitingensis (Elmer) Woodson,Yes,Yes,KN,,,,,,,Apocynaceae
Kibatalia laurifolia (Ridl.) Woodson,Kibatalia,laurifolia (Ridl.) Woodson,Yes,Yes,174,,,,,,,Apocynaceae
Kibatalia macrophylla (Pierre ex Hua) Woodson,Kibatalia,macrophylla (Pierre ex Hua) Woodson,Yes,Yes,277,,,,,,,Apocynaceae
Kopsia arborea Blume,Kopsia,arborea Blume,Yes,Yes,177,,,,,,,Apocynaceae
Kopsia dasyrachis Ridl.,Kopsia,dasyrachis Ridl.,Yes,Yes,176,,,,,Active,113,Apocynaceae
Kopsia deverrei L. Allorge,Kopsia,deverrei L. Allorge,Yes,Yes,187,,,,,,,Apocynaceae
Kopsia flavida Blume,Kopsia,flavida Blume,Yes,Yes,183,,,,,,,Apocynaceae
Kopsia fruticosa (Roxb.) A. DC.,Kopsia,fruticosa (Roxb.) A. DC.,Yes,Yes,"KN, 79, 90",Yes,[79],,,Active,90,Apocynaceae
Kopsia grandifolia D. J. Middleton,Kopsia,grandifolia D. J. Middleton,Yes,Yes,186,,,,,,,Apocynaceae
Kopsia griffithii King & Gamble,Kopsia,griffithii King & Gamble,Yes,Yes,179,,,,,,,Apocynaceae
Kopsia hainanensis Tsiang,Kopsia,hainanensis Tsiang,Yes,Yes,178,,,,,,,Apocynaceae
Kopsia lapidilecta Sleesen,Kopsia,lapidilecta Sleesen,Yes,Yes,189,,,,,,,Apocynaceae
Kopsia larutensis King & Gamble,Kopsia,larutensis King & Gamble,Yes,Yes,182,,,,,,,Apocynaceae
Kopsia macrophylla Hook. f.,Kopsia,macrophylla Hook. f.,Yes,Yes,"KN, 188",,,,,,,Apocynaceae
Kopsia pauciflora Hook. f.,Kopsia,pauciflora Hook. f.,Yes,Yes,180,,,,,,,Apocynaceae
Kopsia profunda Markgr.,Kopsia,profunda Markgr.,Yes,Yes,185,,,,,,,Apocynaceae
Kopsia singapurensis Ridl.,Kopsia,singapurensis Ridl.,Yes,Yes,"KN, 184",,,,,,,Apocynaceae
Kopsia tenuis Leenh. & Steems,Kopsia,tenuis Leenh. & Steems,Yes,Yes,181,,,,,,,Apocynaceae
Kopsia teoi L. Allorge,Kopsia,teoi L. Allorge,Yes,Yes,175,,,,,,,Apocynaceae
Lacmellea panamensis (Woodson) Markgr.,Lacmellea,panamensis (Woodson) Markgr.,,,,,,,,Inactive,303,Apocynaceae
Landolphia buchananii (Hallier f.) Stapf,Landolphia,buchananii (Hallier f.) Stapf,,,,Yes,L [102],,,,,Apocynaceae
Landolphia dulcis (Sabine ex G. Don) Pichon,Landolphia,dulcis (Sabine ex G. Don) Pichon,,,,,,,,Inactive,192,Apocynaceae
Landolphia heudelotii A. DC.,Landolphia,heudelotii A. DC.,,,,,,,,Active,194,Apocynaceae
Landolphia lanceolata (K. Schum.) Pichon,Landolphia,lanceolata (K. Schum.) Pichon,,,,Yes,[191],,,Inactive,191,Apocynaceae
Landolphia owariensis P. Beauv.,Landolphia,owariensis P. Beauv.,Yes,Yes,190,Yes,L [190],,,Active,190,Apocynaceae
Landolphia uniflora (Stapf) Pichon,Landolphia,uniflora (Stapf) Pichon,Yes,Yes,195,,,,,,,Apocynaceae
Laubertia boissieri A. DC.,Laubertia,boissieri A. DC.,Yes,Yes,144,,,,,,,Apocynaceae
Laubertia contorta (M. Martens & Galeotti) Woodson,Laubertia,contorta (M. Martens & Galeotti) Woodson,,,,,,,,,,Apocynaceae
Leptadenia lanceolata (Poir.) Goyder,Leptadenia,lanceolata (Poir.) Goyder,Yes,Yes,"198, 339",Yes,"R, RB [106]",,,,,Apocynaceae
Leptadenia lanceolata var. lanceolata,Leptadenia,lanceolata var. lanceolata,,,,,,,,,,Apocynaceae
Leptadenia madagascariensis Decne.,Leptadenia,madagascariensis Decne.,,,,Yes,A [196],,,Active,196,Apocynaceae
Leptadenia pyrotechnica (Forssk.) Decne.,Leptadenia,pyrotechnica (Forssk.) Decne.,Yes,Yes,"197, 338",,,,,,,Apocynaceae
Leptadenia reticulata (Retz.) Wight & Arn.,Leptadenia,reticulata (Retz.) Wight & Arn.,Yes,Yes,199,,,,,,,Apocynaceae
Leuconotis eugeniifolia (Wall. ex G. Don) A. DC.,Leuconotis,eugeniifolia (Wall. ex G. Don) A. DC.,Yes,Yes,308,,,,,Active,122,Apocynaceae
Leuconotis griffithii Hook. f.,Leuconotis,griffithii Hook. f.,Yes,Yes,123,,,,,Active,123,Apocynaceae
Macoubea guianensis Aubl.,Macoubea,guianensis Aubl.,Yes,Yes,202,,,,,,,Apocynaceae
"Macropharynx isthmica (Woodson) J. F. Morales, M. E. Endress & Liede",Macropharynx,"isthmica (Woodson) J. F. Morales, M. E. Endress & Liede",Yes,Yes,144,,,,,,,Apocynaceae
"Macropharynx peltata (Vell.) J. F. Morales, M. E. Endress & Liede",Macropharynx,"peltata (Vell.) J. F. Morales, M. E. Endress & Liede",Yes,Yes,144,,,,,,,Apocynaceae
Malouetia arborea (Vell.) Miers,Malouetia,arborea (Vell.) Miers,Yes,Yes,203,,,,,,,Apocynaceae
Malouetia bequaertiana Woodson,Malouetia,bequaertiana Woodson,Yes,Yes,203,,,,,,,Apocynaceae
Malouetia glandulifera Miers,Malouetia,glandulifera Miers,Yes,Yes,203,,,,,,,Apocynaceae
Malouetia tamaquarina (Aubl.) A. DC.,Malouetia,tamaquarina (Aubl.) A. DC.,Yes,Yes,203,,,,,,,Apocynaceae
Mandevilla boliviensis (J. J. Veitch),Mandevilla,boliviensis (J. J. Veitch),Yes,Yes,144,,,,,,,Apocynaceae
Mandevilla illustris (Vell.) Woodson,Mandevilla,illustris (Vell.) Woodson,,,,,,,,,,Apocynaceae
Mandevilla pentlandiana (DC.) Woodson,Mandevilla,pentlandiana (DC.) Woodson,,,,,,,,,,Apocynaceae
Mandevilla pohliana (Stadelm.) A.H.Gentry,Mandevilla,pohliana (Stadelm.) A.H.Gentry,,,,,,,,,,Apocynaceae
Mandevilla sanderi (Hemsl.),Mandevilla,sanderi (Hemsl.),,,,,,,,,,Apocynaceae
Marsdenia cundurango Rchb. f.,Marsdenia,cundurango Rchb. f.,Yes,Yes,205,,,,,,,Apocynaceae
Marsdenia edulis S. Watson,Marsdenia,edulis S. Watson,Yes,Yes,154,,,,,,,Apocynaceae
Marsdenia flavescens A.Cunn. ex Hook.,Marsdenia,flavescens A.Cunn. ex Hook.,,,,,,,,,,Apocynaceae
Marsdenia formosana Masam.,Marsdenia,formosana Masam.,,,,,,,,,,Apocynaceae
Marsdenia gazensis S.Moore,Marsdenia,gazensis S.Moore,,,,,,,,,,Apocynaceae
Marsdenia glabra Constantin,Marsdenia,glabra Constantin,Yes,Yes,144,,,,,,,Apocynaceae
Marsdenia hainanensis Tsiang,Marsdenia,hainanensis Tsiang,,,,,,,,,,Apocynaceae
Marsdenia incisa P.T. Li & Y.H. Li,Marsdenia,incisa P.T. Li & Y.H. Li,,,,,,,,,,Apocynaceae
Marsdenia koi Tsiang,Marsdenia,koi Tsiang,,,,,,,,,,Apocynaceae
Marsdenia latifolia (Benth.) K. Schum,Marsdenia,latifolia (Benth.) K. Schum,Yes,Yes,154,Yes,"S, R [151]",,,Active,151,Apocynaceae
Marsdenia oreophila W.W. Sm.,Marsdenia,oreophila W.W. Sm.,,,,,,,,,,Apocynaceae
Marsdenia rostrata R. Br.,Marsdenia,rostrata R. Br.,Yes,Yes,81,,,,,,,Apocynaceae
Marsdenia roylei Wight,Marsdenia,roylei Wight,,,,,,,,,,Apocynaceae
Marsdenia taylorii Schltr. & Rendle,Marsdenia,taylorii Schltr. & Rendle,,,,,,,,,,Apocynaceae
Marsdenia tenacissima (Roxb.) Moon,Marsdenia,tenacissima (Roxb.) Moon,Yes,Yes,206,,,,,,,Apocynaceae
Marsdenia tinctoria R. Br.,Marsdenia,tinctoria R. Br.,Yes,Yes,"144, 337",,,,,,,Apocynaceae
Marsdenia tomentosa C. Morren & Decne.,Marsdenia,tomentosa C. Morren & Decne.,Yes,Yes,"340, 341",,,,,,,Apocynaceae
Melodinus acutiflorus F. Muell.,Melodinus,acutiflorus F. Muell.,Yes,Yes,211,,,,,,,Apocynaceae
Melodinus aeneus Baill.,Melodinus,aeneus Baill.,Yes,Yes,210,,,,,,,Apocynaceae
Melodinus angustifolius Hayata,Melodinus,angustifolius Hayata,,,,,,,,,,Apocynaceae
Melodinus australis (F. Muell.) Pierre,Melodinus,australis (F. Muell.) Pierre,Yes,Yes,210,,,,,,,Apocynaceae
Melodinus axillaris W. T. Wang,Melodinus,axillaris W. T. Wang,Yes,Yes,210,,,,,,,Apocynaceae
Melodinus balansae Baill.,Melodinus,balansae Baill.,Yes,Yes,212,,,,,,,Apocynaceae
Melodinus cochinchinensis (Lour.) Merr.,Melodinus,cochinchinensis (Lour.) Merr.,Yes,Yes,150,,,,,,,Apocynaceae
Melodinus fusiformis Champ. ex Benth.,Melodinus,fusiformis Champ. ex Benth.,Yes,Yes,201,,,,,,,Apocynaceae
Melodinus philliraeoides Labill.,Melodinus,philliraeoides Labill.,Yes,Yes,210,,,,,,,Apocynaceae
Melodinus reticulatus Boiteau,Melodinus,reticulatus Boiteau,Yes,Yes,210,,,,,,,Apocynaceae
Melodinus scandens J.R.Forst & G.Forst,Melodinus,scandens J.R.Forst & G.Forst,Yes,Yes,209,,,,,,,Apocynaceae
Melodinus tenuicaudatus Tsiang & P. T. Li,Melodinus,tenuicaudatus Tsiang & P. T. Li,Yes,Yes,208,,,,,,,Apocynaceae
Metastelma harleyi Fontella,Metastelma,harleyi Fontella,Yes,Yes,144,,,,,,,Apocynaceae
Microplumeria anomala (Müll. Arg.) Markgr.,Microplumeria,anomala (Müll. Arg.) Markgr.,Yes,Yes,213,,,,,,,Apocynaceae
Minaria magisteriana (Rapini) T. U. P. Konno & Rapini,Minaria,magisteriana (Rapini) T. U. P. Konno & Rapini,Yes,Yes,144,,,,,,,Apocynaceae
Mondia whitei (Hook. f.) Skeels,Mondia,whitei (Hook. f.) Skeels,,,,Yes,R [103],,,Inactive,214,Apocynaceae
Monolluma quadrangula (Forssk.) Plowes,Monolluma,quadrangula (Forssk.) Plowes,,,,,,,,Inactive,173,Apocynaceae
Motandra paniculata (Poir.) I. M. Turner,Motandra,paniculata (Poir.) I. M. Turner,,,,Yes,L [147],,,Inactive,147,Apocynaceae
Myriopteron extensum (Wight) K.Schum.,Myriopteron,extensum (Wight) K.Schum.,,,,,,,,,,Apocynaceae
Nerium oleander L.,Nerium,oleander L.,Yes,Yes,116,Yes,[79],Yes,[79],,,Apocynaceae
Ochrosia acuminata Trimen ex Valeton,Ochrosia,acuminata Trimen ex Valeton,Yes,Yes,219,,,,,Active [300],KN/300,Apocynaceae
Ochrosia alyxioides Guillaumin,Ochrosia,alyxioides Guillaumin,Yes,Yes,225,,,,,,,Apocynaceae
Ochrosia borbonica J. F. Gmel.,Ochrosia,borbonica J. F. Gmel.,Yes,Yes,217,,,,,,,Apocynaceae
Ochrosia coccinea (Teijsm. & Binn.) Miq.,Ochrosia,coccinea (Teijsm. & Binn.) Miq.,,,,,,,,,,Apocynaceae
Ochrosia compta K. Schum.,Ochrosia,compta K. Schum.,Yes,Yes,222,,,,,,,Apocynaceae
Ochrosia elliptica Labill.,Ochrosia,elliptica Labill.,Yes,Yes,216,,,,,Active [300],KN/300,Apocynaceae
Ochrosia glomerata (Blume) F. Muell,Ochrosia,glomerata (Blume) F. Muell,,,,,,,,Active,215,Apocynaceae
Ochrosia kilneri,Ochrosia,kilneri,,,,,,,,Active [336],KN/336,Apocynaceae
Ochrosia lifuana Guillaumin,Ochrosia,lifuana Guillaumin,Yes,Yes,KN,,,,,Active [336],KN/336,Apocynaceae
Ochrosia miana Baill. ex Guillaumin,Ochrosia,miana Baill. ex Guillaumin,Yes,Yes,"KN, 220",,,,,Active [336],KN/336,Apocynaceae
Ochrosia moorei (F. Muell.) Benth.,Ochrosia,moorei (F. Muell.) Benth.,Yes,Yes,226,,,,,Active,258,Apocynaceae
Ochrosia mulsantii Montrouz.,Ochrosia,mulsantii Montrouz.,Yes,Yes,218,,,,,,,Apocynaceae
Ochrosia nakaiana (Koidz.) Koidz. ex H. Hara,Ochrosia,nakaiana (Koidz.) Koidz. ex H. Hara,Yes,Yes,224,,,,,,,Apocynaceae
Ochrosia oppositifolia (Lam.) K. Schum.,Ochrosia,oppositifolia (Lam.) K. Schum.,Yes,Yes,201,,,,,,,Apocynaceae
Ochrosia poweri F. M. Bailey,Ochrosia,poweri F. M. Bailey,Yes,Yes,"KN, 223",,,,,,,Apocynaceae
Ochrosia silvatica Däniker,Ochrosia,silvatica Däniker,Yes,Yes,221,,,,,,,Apocynaceae
Ochrosia vitiensis,Ochrosia,vitiensis,,,,,,,,Active [300],KN/300,Apocynaceae
Oncinotis nitida Benth.,Oncinotis,nitida Benth.,Yes,Yes,228,,,,,,,Apocynaceae
Oncinotis tenuiloba Stapf,Oncinotis,tenuiloba Stapf,Yes,Yes,227,,,,,,,Apocynaceae
Orbea variegata (L.) Haw.,Orbea,variegata (L.) Haw.,,,,,,,,,,Apocynaceae
Orthanthera viminea Wight,Orthanthera,viminea Wight,,,,,,,,,,Apocynaceae
Oxypetalum banksii R. Br. ex Schult.,Oxypetalum,banksii R. Br. ex Schult.,Yes,Yes,53,,,,,,,Apocynaceae
Oxystelma esculentum (L. f.) Sm.,Oxystelma,esculentum (L. f.) Sm.,,,,,,,,,,Apocynaceae
Pachycarpus distinctus (N. E. Br) Bullock,Pachycarpus,distinctus (N. E. Br) Bullock,,,,,,,,,,Apocynaceae
Pachycarpus lineolatus (Decne.) Bullock,Pachycarpus,lineolatus (Decne.) Bullock,,,,,,,,,,Apocynaceae
Pachycarpus schinzianus (Schltr.) N. E. Br.,Pachycarpus,schinzianus (Schltr.) N. E. Br.,,,,,,,,,,Apocynaceae
Pachypodium lamerei Drake,Pachypodium,lamerei Drake,Yes,Yes,229,,,,,,,Apocynaceae
Parahancornia fasciculata (Poir.) Benoist,Parahancornia,fasciculata (Poir.) Benoist,Yes,Yes,230,Yes,[42],,,Inactive,42,Apocynaceae
Parepigynum funingense Tsiang et P. T. Li,Parepigynum,funingense Tsiang et P. T. Li,,,,,,,,,,Apocynaceae
Parsonsia alboflavescens (Denst.) Mabb.,Parsonsia,alboflavescens (Denst.) Mabb.,Yes,Yes,"KN, 143, 330",,,,,,,Apocynaceae
Parsonsia eucalyptophylla F. Muell.,Parsonsia,eucalyptophylla F. Muell.,Yes,Yes,"KN, 143, 330",,,,,,,Apocynaceae
Parsonsia heterophylla A. Cunn.,Parsonsia,heterophylla A. Cunn.,Yes,Yes,"KN, 143",,,,,,,Apocynaceae
Parsonsia oligantha (K. Schum.) D. J. Middleton,Parsonsia,oligantha (K. Schum.) D. J. Middleton,Yes,Yes,143,,,,,,,Apocynaceae
Parsonsia straminea (R. Br.) F. Muell,Parsonsia,straminea (R. Br.) F. Muell,Yes,Yes,"KN, 143, 331",,,,,,,Apocynaceae
Pattalias palustris (Pursh) Fishbein,Pattalias,palustris (Pursh) Fishbein,Yes,Yes,144,,,,,,,Apocynaceae
Pentalinon andrieuxii (Müll. Arg.) B. F. Hansen & Wunderlin,Pentalinon,andrieuxii (Müll. Arg.) B. F. Hansen & Wunderlin,,,,,,,,Inactive,231,Apocynaceae
Pentalinon luteum (L.) B.F.Hansen & Wunderlin,Pentalinon,luteum (L.) B.F.Hansen & Wunderlin,,,,,,,,,,Apocynaceae
Pentatropis capensis (L. f.) Bullock,Pentatropis,capensis (L. f.) Bullock,Yes,Yes,119,,,,,,,Apocynaceae
Pentopetia albicans (Jum. & H. Perrier) Klack.,Pentopetia,albicans (Jum. & H. Perrier) Klack.,Yes,No,284,,,,,,,Apocynaceae
Pentopetia androsaemifolia Decne.,Pentopetia,androsaemifolia Decne.,,,,,,,,,,Apocynaceae
Peplonia adnata (E. Fourn.) U. C. S. Silva & Rapini,Peplonia,adnata (E. Fourn.) U. C. S. Silva & Rapini,Yes,Yes,144,,,,,,,Apocynaceae
Peplonia axillaris (Vell.) Fontella & Rapini,Peplonia,axillaris (Vell.) Fontella & Rapini,Yes,Yes,53,,,,,,,Apocynaceae
Pergularia daemia (Forssk.) Chiov.,Pergularia,daemia (Forssk.) Chiov.,Yes,Yes,119,Yes,"R, L [148]",,,Inactive,165,Apocynaceae
Pergularia daemia subsp. daemia,Pergularia,daemia subsp. daemia,Yes,Yes,234,,,,,,,Apocynaceae
Pergularia tomentosa L.,Pergularia,tomentosa L.,Yes,Yes,235,,,,,,,Apocynaceae
Periploca calophylla (Wight) Falc.,Periploca,calophylla (Wight) Falc.,,,,,,,,,,Apocynaceae
"Periploca chrysantha D.S. Yao, X.D. Chen & J.W. Ren",Periploca,"chrysantha D.S. Yao, X.D. Chen & J.W. Ren",,,,,,,,,,Apocynaceae
Periploca forrestii Schltr.,Periploca,forrestii Schltr.,,,,,,,,,,Apocynaceae
Periploca graeca L.,Periploca,graeca L.,,,,,,,,,,Apocynaceae
Periploca hydaspidis Falc.,Periploca,hydaspidis Falc.,Yes,Yes,236,,,,,,,Apocynaceae
Periploca linearifolia Quart.-Dill. & A. Rich,Periploca,linearifolia Quart.-Dill. & A. Rich,,,,Yes,B [103],,,Inactive,34,Apocynaceae
Periploca sepium Bunge,Periploca,sepium Bunge,,,,,,,,,,Apocynaceae
Periploca somaliensis Browicz,Periploca,somaliensis Browicz,,,,,,,,Inactive,91,Apocynaceae
Petchia ceylanica (Wight) Livera,Petchia,ceylanica (Wight) Livera,Yes,Yes,238,,,,,,,Apocynaceae
Petchia cryptophlebia (Baker) Leeuwenb.,Petchia,cryptophlebia (Baker) Leeuwenb.,Yes,Yes,279,Yes,[279],,,,,Apocynaceae
Petchia erythrocarpa (Vatke) Leeuwenb.,Petchia,erythrocarpa (Vatke) Leeuwenb.,,,,Yes,B [278],,,,,Apocynaceae
Picralima nitida (Stapf) T. Durand & H. Durand,Picralima,nitida (Stapf) T. Durand & H. Durand,Yes,Yes,128,Yes,"R, SB, Se [128] [322,323]",,,Inactive,239,Apocynaceae
Plectaneia thouarsii Roem. & Schult.,Plectaneia,thouarsii Roem. & Schult.,,,,,,,,Active,326,Apocynaceae
Pleiocarpa mutica Benth.,Pleiocarpa,mutica Benth.,Yes,Yes,"KN, 240, 241",Yes,R [241],Yes,R [241],Inactive,240,Apocynaceae
Pleiocarpa pycnantha (K. Schum.) Stapf,Pleiocarpa,pycnantha (K. Schum.) Stapf,Yes,Yes,241,,,,,,,Apocynaceae
Pleiocarpa rostrata Benth.,Pleiocarpa,rostrata Benth.,Yes,Yes,241,,,,,,,Apocynaceae
Pleioceras barteri Baill.,Pleioceras,barteri Baill.,Yes,Yes,207,,,,,,,Apocynaceae
Plumeria alba L.,Plumeria,alba L.,,,,Yes ,"[79, 327]",,,Inactive,88,Apocynaceae
Plumeria obtusa L.,Plumeria,obtusa L.,Yes,Yes,116,,,,,,,Apocynaceae
Plumeria pudica Jacq.,Plumeria,pudica Jacq.,Yes,Yes,244,,,,,,,Apocynaceae
Plumeria rubra L.,Plumeria,rubra L.,Yes,Yes,140,Yes,B [261],Yes ,"B, R [79]",Active,242,Apocynaceae
Plumeria sericifolia C. Wright ex Griseb.,Plumeria,sericifolia C. Wright ex Griseb.,Yes,Yes,243,,,,,,,Apocynaceae
Pottsia laxiflora,Pottsia,laxiflora,,,,,,,,,,Apocynaceae
Prestonia amabilis J. F. Morales,Prestonia,amabilis J. F. Morales,Yes,Yes,333,,,,,,,Apocynaceae
Prestonia amazonica (Benth. ex Müll. Arg.) J. F. Macbr.,Prestonia,amazonica (Benth. ex Müll. Arg.) J. F. Macbr.,Yes,Yes,"KN, 245",,,,,,,Apocynaceae
Prestonia coalita (Vell.) Woodson,Prestonia,coalita (Vell.) Woodson,Yes,No,334,,,,,,,Apocynaceae
Prestonia erecta J. F. Morales,Prestonia,erecta J. F. Morales,Yes,Yes,144,,,,,,,Apocynaceae
Prestonia megagros (Vell.) Woodson,Prestonia,megagros (Vell.) Woodson,Yes,Yes,65,,,,,,,Apocynaceae
Prestonia portobellensis (Beurl.) Woodson,Prestonia,portobellensis (Beurl.) Woodson,Yes,Yes,332,,,,,,,Apocynaceae
Prestonia quinquangularis (Jacq.) Spreng.,Prestonia,quinquangularis (Jacq.) Spreng.,Yes,Yes,334,,,,,,,Apocynaceae
Pteralyxia laurifolia (G. Don) Leeuwenb.,Pteralyxia,laurifolia (G. Don) Leeuwenb.,Yes,Yes,281,,,,,,,Apocynaceae
Rauvolfia bahiensis A.DC.,Rauvolfia,bahiensis A.DC.,Yes,Yes,KN,,,,,,,Apocynaceae
Rauvolfia balansae (Baill.) Boiteau,Rauvolfia,balansae (Baill.) Boiteau,Yes,Yes,KN,,,,,,,Apocynaceae
Rauvolfia biauriculata Müll.Arg.,Rauvolfia,biauriculata Müll.Arg.,Yes,Yes,KN,,,,,,,Apocynaceae
Rauvolfia caffra Sond.,Rauvolfia,caffra Sond.,Yes,Yes,KN,,,,,Inactive,100,Apocynaceae
Rauvolfia cambodiana Pierre ex Pit.,Rauvolfia,cambodiana Pierre ex Pit.,Yes,Yes,KN,,,,,,,Apocynaceae
Rauvolfia cubana A.DC.,Rauvolfia,cubana A.DC.,Yes,Yes,KN,,,,,,,Apocynaceae
Rauvolfia grandiflora Mart. ex A.DC.,Rauvolfia,grandiflora Mart. ex A.DC.,Yes,Yes,KN,,,,,,,Apocynaceae
Rauvolfia ligustrina Roem. & Schult.,Rauvolfia,ligustrina Roem. & Schult.,Yes,Yes,KN,,,,,,,Apocynaceae
Rauvolfia littoralis Rusby,Rauvolfia,littoralis Rusby,Yes,Yes,KN,,,,,,,Apocynaceae
Rauvolfia mannii Stapf,Rauvolfia,mannii Stapf,Yes,Yes,KN,,,,,,,Apocynaceae
Rauvolfia media Pichon,Rauvolfia,media Pichon,Yes,Yes,KN,,,,,,,Apocynaceae
Rauvolfia mombasiana Stapf,Rauvolfia,mombasiana Stapf,Yes,Yes,283,Yes,R [98],,,Inactive,305,Apocynaceae
Rauvolfia nitida Jacq.,Rauvolfia,nitida Jacq.,Yes,Yes,KN,,,,,,,Apocynaceae
Rauvolfia pentaphylla Huber ex Ducke,Rauvolfia,pentaphylla Huber ex Ducke,Yes,Yes,64,Yes,329,,,,,Apocynaceae
Rauvolfia sandwicensis A. DC.,Rauvolfia,sandwicensis A. DC.,Yes,Yes,"KN, 280",,,,,,,Apocynaceae
Rauvolfia sellowii Müll.Arg.,Rauvolfia,sellowii Müll.Arg.,Yes,Yes,KN,,,,,,,Apocynaceae
Rauvolfia semperflorens (Müll.Arg.),Rauvolfia,semperflorens (Müll.Arg.),Yes,Yes,KN,,,,,,,Apocynaceae
Rauvolfia serpentina (L.) Benth. ex Kurz,Rauvolfia,serpentina (L.) Benth. ex Kurz,Yes,Yes,"KN, 335",,,Yes,R [79],,,Apocynaceae
Rauvolfia sevenetii Boiteau,Rauvolfia,sevenetii Boiteau,Yes,Yes,KN,,,,,,,Apocynaceae
Rauvolfia spathulata Boiteau,Rauvolfia,spathulata Boiteau,Yes,Yes,KN,,,,,,,Apocynaceae
Rauvolfia sprucei Müll. Arg.,Rauvolfia,sprucei Müll. Arg.,Yes,Yes,"KN, 65",,,,,,,Apocynaceae
Rauvolfia sumatrana Jack,Rauvolfia,sumatrana Jack,Yes,Yes,"KN, 142",,,,,,,Apocynaceae
Rauvolfia tetraphylla L.,Rauvolfia,tetraphylla L.,Yes,Yes,63,Yes,"L, R [79]",Yes,"L, R [79]",,,Apocynaceae
Rauvolfia verticillata (Lour.) Baill.,Rauvolfia,verticillata (Lour.) Baill.,Yes,Yes,"KN, 201",Yes,[79],,,,,Apocynaceae
Rauvolfia viridis Roem. & Schult.,Rauvolfia,viridis Roem. & Schult.,Yes,Yes,KN,,,,,,,Apocynaceae
Rauvolfia volkensii (K.Schum.) Stapf,Rauvolfia,volkensii (K.Schum.) Stapf,Yes,Yes,KN,,,,,,,Apocynaceae
Rauvolfia vomitoria Wennberg,Rauvolfia,vomitoria Wennberg,Yes,Yes,"KN, 128",Yes,"[128,147, 322]",Yes,328,Active,146,Apocynaceae
Rhazya stricta Decne.,Rhazya,stricta Decne.,Yes,Yes,246,,,,,,,Apocynaceae
Saba comorensis (Bojer ex A. DC.) Pichon,Saba,comorensis (Bojer ex A. DC.) Pichon,,,,Yes,[103],,,,,Apocynaceae
Schizozygia coffeoides Baill.,Schizozygia,coffeoides Baill.,Yes,Yes,201,,,,,Inactive,101,Apocynaceae
Secamone afzelii (Reom. & Schult.) K. Schum.,Secamone,afzelii (Reom. & Schult.) K. Schum.,Yes,Yes,251,Yes,[200],,,Active,250,Apocynaceae
Secamone alpini Schult.,Secamone,alpini Schult.,Yes,Yes,119,,,,,,,Apocynaceae
Skytanthus acutus Meyen,Skytanthus,acutus Meyen,Yes,Yes,252,,,,,,,Apocynaceae
Solenostemma oleifolium (Nectoux) Bullock & E. A. Bruce ex Maire,Solenostemma,oleifolium (Nectoux) Bullock & E. A. Bruce ex Maire,Yes,Yes,253,,,,,,,Apocynaceae
Stapelia gigantea N.E.Br.,Stapelia,gigantea N.E.Br.,,,,,,,,,,Apocynaceae
Stapelia grandiflora Masson,Stapelia,grandiflora Masson,,,,,,,,,,Apocynaceae
Stapelia hirsuta L.,Stapelia,hirsuta L.,Yes,Yes,254,,,,,,,Apocynaceae
Strempeliopsis strempelioides Benth.,Strempeliopsis,strempelioides Benth.,Yes,Yes,255,,,,,,,Apocynaceae
Streptocaulon juventas (Lour.) Merr.,Streptocaulon,juventas (Lour.) Merr.,,,,Yes,R [256],,,Active,256,Apocynaceae
Strophanthus boivinii Baill.,Strophanthus,boivinii Baill.,,,,,,,,,,Apocynaceae
Strophanthus divaricatus (Lour.) Hook. & Arn.,Strophanthus,divaricatus (Lour.) Hook. & Arn.,,,,,,,,,,Apocynaceae
Strophanthus eminii Asch. ex Pax,Strophanthus,eminii Asch. ex Pax,,,,Yes,R [257],,,Inactive,257,Apocynaceae
Strophanthus gracilis K.Schum. & Pax,Strophanthus,gracilis K.Schum. & Pax,,,,,,,,,,Apocynaceae
Strophanthus gratus (Wall. & Hook.) Baill.,Strophanthus,gratus (Wall. & Hook.) Baill.,,,,,,,,,,Apocynaceae
Strophanthus hispidus DC.,Strophanthus,hispidus DC.,Yes,Yes,276,Yes,SB [152] [323],,,,,Apocynaceae
Strophanthus kombe Oliv.,Strophanthus,kombe Oliv.,,,,,,,,,,Apocynaceae
Strophanthus ledienii Stein,Strophanthus,ledienii Stein,,,,,,,,,,Apocynaceae
Strophanthus nicholsonii Holmes,Strophanthus,nicholsonii Holmes,,,,,,,,,,Apocynaceae
Strophanthus preussii Engl. & Pax,Strophanthus,preussii Engl. & Pax,,,,,,,,,,Apocynaceae
Strophanthus sarmentosus DC.,Strophanthus,sarmentosus DC.,,,,,,,,,,Apocynaceae
Strophanthus thollonii Franch.,Strophanthus,thollonii Franch.,,,,,,,,,,Apocynaceae
Strophanthus vanderijstii Staner,Strophanthus,vanderijstii Staner,,,,,,,,,,Apocynaceae
Strophanthus wallichii A. DC.,Strophanthus,wallichii A. DC.,Yes,Yes,259,,,,,,,Apocynaceae
Tabernaemontana alba Mill.,Tabernaemontana,alba Mill.,Yes,Yes,55,,,,,,,Apocynaceae
Tabernaemontana alternifolia L.,Tabernaemontana,alternifolia L.,Yes,Yes,201,,,,,,,Apocynaceae
Tabernaemontana amygdalifolia Jacq.,Tabernaemontana,amygdalifolia Jacq.,Yes,Yes,56,,,,,,,Apocynaceae
Tabernaemontana angulata Mart. ex Müll. Arg.,Tabernaemontana,angulata Mart. ex Müll. Arg.,Yes,Yes,59,,,,,,,Apocynaceae
Tabernaemontana apoda C.Wright,Tabernaemontana,apoda C.Wright,Yes,Yes,KN,,,,,,,Apocynaceae
Tabernaemontana arborea Rose,Tabernaemontana,arborea Rose,Yes,Yes,"KN, 55",,,,,Active,26/KN,Apocynaceae
Tabernaemontana attenuata (Miers) Urb.,Tabernaemontana,attenuata (Miers) Urb.,Yes,Yes,KN,,,,,,,Apocynaceae
Tabernaemontana aurantiaca Gaudich.,Tabernaemontana,aurantiaca Gaudich.,Yes,Yes,KN,,,,,,,Apocynaceae
Tabernaemontana bovina Lour.,Tabernaemontana,bovina Lour.,Yes,Yes,"KN, 201",,,,,,,Apocynaceae
Tabernaemontana brachyantha Stapf,Tabernaemontana,brachyantha Stapf,Yes,Yes,KN,,,,,,,Apocynaceae
Tabernaemontana bufalina Lour.,Tabernaemontana,bufalina Lour.,Yes,Yes,"KN, 208",,,,,,,Apocynaceae
Tabernaemontana calcarea Pichon,Tabernaemontana,calcarea Pichon,Yes,Yes,KN,,,,,,,Apocynaceae
Tabernaemontana capuronii Leeuwenb.,Tabernaemontana,capuronii Leeuwenb.,Yes,Yes,KN,,,,,,,Apocynaceae
Tabernaemontana catharinensis A. DC.,Tabernaemontana,catharinensis A. DC.,Yes,Yes,59,,,,,Active [26],"66, 26/KN",Apocynaceae
Tabernaemontana cerifera Pancher & Sebert,Tabernaemontana,cerifera Pancher & Sebert,Yes,Yes,KN,,,,,,,Apocynaceae
Tabernaemontana citrifolia L.,Tabernaemontana,citrifolia L.,Yes,Yes,56,,,,,,,Apocynaceae
Tabernaemontana coffeoides Bojer ex A.DC.,Tabernaemontana,coffeoides Bojer ex A.DC.,Yes,Yes,KN,,,,,,,Apocynaceae
Tabernaemontana contorta Stapf,Tabernaemontana,contorta Stapf,Yes,Yes,KN,,,,,,,Apocynaceae
Tabernaemontana coriacea Link ex Reom. & Schult.,Tabernaemontana,coriacea Link ex Reom. & Schult.,Yes,Yes,59,,,,,,,Apocynaceae
Tabernaemontana corymbosa Roxb. ex Wall.,Tabernaemontana,corymbosa Roxb. ex Wall.,Yes,Yes,"KN, 247",,,,,,,Apocynaceae
Tabernaemontana crassa Benth.,Tabernaemontana,crassa Benth.,Yes,Yes,KN,Yes,322,,,,,Apocynaceae
Tabernaemontana cymosa (Jacquin) Dugand,Tabernaemontana,cymosa (Jacquin) Dugand,Yes,Yes,60,,,,,Inactive,22,Apocynaceae
Tabernaemontana debrayi (Markgr.) Leeuwenb.,Tabernaemontana,debrayi (Markgr.) Leeuwenb.,Yes,Yes,KN,,,,,,,Apocynaceae
Tabernaemontana dichotoma Roxb. ex Wall.,Tabernaemontana,dichotoma Roxb. ex Wall.,Yes,Yes,KN,,,,,,,Apocynaceae
Tabernaemontana divaricata (L.) R. Br. ex Roem. & Schult.,Tabernaemontana,divaricata (L.) R. Br. ex Roem. & Schult.,Yes,Yes,56,,,,,,,Apocynaceae
Tabernaemontana donnell-smithii Rose,Tabernaemontana,donnell-smithii Rose,Yes,Yes,55,Yes,329,,,,,Apocynaceae
Tabernaemontana eglandulosa Stapf,Tabernaemontana,eglandulosa Stapf,Yes,Yes,KN,,,,,,,Apocynaceae
Tabernaemontana elegans Stapf,Tabernaemontana,elegans Stapf,Yes,Yes,56,Yes,R [125],,,Active,301/304,Apocynaceae
Tabernaemontana flavicans Roem. & Schult.,Tabernaemontana,flavicans Roem. & Schult.,Yes,Yes,KN,,,,,,,Apocynaceae
Tabernaemontana glandulosa (Stapf) Pichon,Tabernaemontana,glandulosa (Stapf) Pichon,Yes,Yes,KN,,,,,,,Apocynaceae
Tabernaemontana heterophylla Vahl,Tabernaemontana,heterophylla Vahl,Yes,Yes,58/59,,,,,,,Apocynaceae
Tabernaemontana humblotii (Baill.) Pichon,Tabernaemontana,humblotii (Baill.) Pichon,Yes,Yes,KN,,,,,,,Apocynaceae
Tabernaemontana hystrix Steud.,Tabernaemontana,hystrix Steud.,Yes,Yes,59/302,Yes,[318],,,Active [26],26/302,Apocynaceae
Tabernaemontana laeta Mart.,Tabernaemontana,laeta Mart.,Yes,Yes,59,,,,,,,Apocynaceae
Tabernaemontana linkii A. DC.,Tabernaemontana,linkii A. DC.,,,,Yes,329,,,,,Apocynaceae
Tabernaemontana litoralis Kunth.,Tabernaemontana,litoralis Kunth.,Yes,Yes,KN,,,,,,,Apocynaceae
Tabernaemontana longipes Donn.Sm.,Tabernaemontana,longipes Donn.Sm.,Yes,Yes,KN,,,,,,,Apocynaceae
Tabernaemontana macrocarpa Jack,Tabernaemontana,macrocarpa Jack,Yes,Yes,KN,,,,,,,Apocynaceae
Tabernaemontana markgrafiana J. F. Macbr.,Tabernaemontana,markgrafiana J. F. Macbr.,Yes,Yes,62,,,,,,,Apocynaceae
Tabernaemontana mocquerysi Aug.DC.,Tabernaemontana,mocquerysi Aug.DC.,Yes,Yes,KN,,,,,,,Apocynaceae
Tabernaemontana odoratissima (Stapf) Leeuwenb.,Tabernaemontana,odoratissima (Stapf) Leeuwenb.,Yes,Yes,KN,,,,,,,Apocynaceae
Tabernaemontana oppositifolia (Spreng.) Urb.,Tabernaemontana,oppositifolia (Spreng.) Urb.,Yes,Yes,KN,,,,,Active,26/KN,Apocynaceae
Tabernaemontana pachysiphon Stapf,Tabernaemontana,pachysiphon Stapf,Yes,Yes,56,,,,,Active,"101, 26/KN",Apocynaceae
"Tabernaemontana panamensis (Markgr., Boiteua & L. Allorge) Leeuwenb.",Tabernaemontana,"panamensis (Markgr., Boiteua & L. Allorge) Leeuwenb.",,,,,,,,Inactive,303,Apocynaceae
Tabernaemontana pandacaqui Poir.,Tabernaemontana,pandacaqui Poir.,Yes,Yes,56,Yes,SB [88] [327],,,,,Apocynaceae
Tabernaemontana peduncularis Wall.,Tabernaemontana,peduncularis Wall.,,,,,,,,Active,122,Apocynaceae
Tabernaemontana penduliflora K.Schum.,Tabernaemontana,penduliflora K.Schum.,Yes,Yes,KN,,,,,,,Apocynaceae
Tabernaemontana psorocarpa (Pierre ex Stapf) Pichon,Tabernaemontana,psorocarpa (Pierre ex Stapf) Pichon,Yes,Yes,KN,,,,,,,Apocynaceae
Tabernaemontana retusa (Lam.) Pichon,Tabernaemontana,retusa (Lam.) Pichon,Yes,Yes,KN,,,,,,,Apocynaceae
Tabernaemontana rupicola Benth.,Tabernaemontana,rupicola Benth.,Yes,Yes,59,,,,,Active,56,Apocynaceae
Tabernaemontana salzmannii A. DC.,Tabernaemontana,salzmannii A. DC.,Yes,Yes,56/59,,,,,,,Apocynaceae
Tabernaemontana sananho Ruiz & Pav.,Tabernaemontana,sananho Ruiz & Pav.,Yes,Yes,61,Yes,329,,,,,Apocynaceae
Tabernaemontana sessilifolia Baker,Tabernaemontana,sessilifolia Baker,Yes,Yes,201,,,,,Inactive,201,Apocynaceae
Tabernaemontana siphilitica (L.f.) Leeuwenb.,Tabernaemontana,siphilitica (L.f.) Leeuwenb.,Yes,Yes,"KN, 59",Yes,329,,,,,Apocynaceae
Tabernaemontana solanifolia A. DC.,Tabernaemontana,solanifolia A. DC.,Yes,Yes,59,,,,,,,Apocynaceae
Tabernaemontana sphaerocarpa Blume,Tabernaemontana,sphaerocarpa Blume,Yes,Yes,KN,,,,,,,Apocynaceae
Tabernaemontana stapfiana Britten,Tabernaemontana,stapfiana Britten,Yes,Yes,288,,,,,,,Apocynaceae
Tabernaemontana undulata Vahl,Tabernaemontana,undulata Vahl,Yes,Yes,KN,,,,,Inactive,298,Apocynaceae
Tabernanthe iboga Baill.,Tabernanthe,iboga Baill.,Yes,Yes,260,,,,,,,Apocynaceae
Telosma pallida (Roxb.) Craib,Telosma,pallida (Roxb.) Craib,Yes,Yes,233,,,,,,,Apocynaceae
Telosma procumbens (Blanco) Merr.,Telosma,procumbens (Blanco) Merr.,,,,,,,,,,Apocynaceae
Temnadenia odorifera (vell.) J. F. Morales,Temnadenia,odorifera (vell.) J. F. Morales,Yes,Yes,144,,,,,,,Apocynaceae
Temnadenia violacea (Vell.) Miers,Temnadenia,violacea (Vell.) Miers,Yes,Yes,144,,,,,,,Apocynaceae
Thevetia ahouai (L.) Vahl,Thevetia,ahouai (L.) Vahl,,,,,,,,,,Apocynaceae
Trachelospermum asiaticum (Siebold & Zucc.) Nakai,Trachelospermum,asiaticum (Siebold & Zucc.) Nakai,,,,,,Yes,"L, S, R [320]",,,Apocynaceae
Trachelospermum jasminoides (Lindl.) Lem.,Trachelospermum,jasminoides (Lindl.) Lem.,Yes,Yes,262,,,,,,,Apocynaceae
Urceola lucida (Wall. ex Don) Kurz,Urceola,lucida (Wall. ex Don) Kurz,,,,,,,,,,Apocynaceae
Urceola polymorpha (Pierre ex Spire) D. J. Middleton & Livsh.,Urceola,polymorpha (Pierre ex Spire) D. J. Middleton & Livsh.,Yes,Yes,141,,,,,,,Apocynaceae
Urceola rosea (Hook. & Arn.) D.J.,Urceola,rosea (Hook. & Arn.) D.J.,,,,,,,,,,Apocynaceae
Vallaris glabra (L.) Kuntze,Vallaris,glabra (L.) Kuntze,Yes,Yes,90,,,,,Active,90,Apocynaceae
Vallaris solanacea (Roth) Kuntze,Vallaris,solanacea (Roth) Kuntze,Yes,Yes,263,,,,,,,Apocynaceae
Vallesia glabra (Cav.) Link,Vallesia,glabra (Cav.) Link,Yes,Yes,"KN, 32",Yes,329,,,Active,33,Apocynaceae
Vinca difformis Pourr.,Vinca,difformis Pourr.,Yes,Yes,KN,,,,,,,Apocynaceae
Vinca erecta Regel & Schmalh.,Vinca,erecta Regel & Schmalh.,Yes,Yes,"KN, 267",,,,,,,Apocynaceae
Vinca herbacea Waldst. & Kit.,Vinca,herbacea Waldst. & Kit.,Yes,Yes,"KN, 268",,,,,,,Apocynaceae
Vinca major L.,Vinca,major L.,Yes,Yes,265,Yes,[79],Yes,[79],,,Apocynaceae
Vinca minor L.,Vinca,minor L.,Yes,Yes,264,,,,,,,Apocynaceae
Vincetoxicum amplexicaule Siebold & Zucc.,Vincetoxicum,amplexicaule Siebold & Zucc.,,,,,,,,,,Apocynaceae
Vincetoxicum ascyrifolium Franch. & Sav.,Vincetoxicum,ascyrifolium Franch. & Sav.,,,,,,,,,,Apocynaceae
Vincetoxicum atratum (Bung) C. Morren,Vincetoxicum,atratum (Bung) C. Morren,,,,Yes,[135],,,,,Apocynaceae
Vincetoxicum auriculatum (Royle ex Wight) Kuntze,Vincetoxicum,auriculatum (Royle ex Wight) Kuntze,Yes,Yes,137,,,,,,,Apocynaceae
Vincetoxicum chekiangense (M.Cheng) C.Y.Wu & D.Z.Li,Vincetoxicum,chekiangense (M.Cheng) C.Y.Wu & D.Z.Li,,,,,,,,,,Apocynaceae
Vincetoxicum chinense S.Moore,Vincetoxicum,chinense S.Moore,,,,,,,,,,Apocynaceae
Vincetoxicum dalzellii (Hook. f.) Kuntze,Vincetoxicum,dalzellii (Hook. f.) Kuntze,Yes,Yes,289,,,,,,,Apocynaceae
Vincetoxicum forrestii (Schltr.) C. Y. Wu & D. Z. Li,Vincetoxicum,forrestii (Schltr.) C. Y. Wu & D. Z. Li,Yes,Yes,133,,,,,,,Apocynaceae
Vincetoxicum glaucescens (Decne.) C.Y.Wu & D.Z.Li,Vincetoxicum,glaucescens (Decne.) C.Y.Wu & D.Z.Li,,,,,,,,,,Apocynaceae
Vincetoxicum hirsutum (Wall.) Kuntze,Vincetoxicum,hirsutum (Wall.) Kuntze,,,,,,,,,,Apocynaceae
Vincetoxicum hirundinaria Medik.,Vincetoxicum,hirundinaria Medik.,Yes,Yes,80,,,,,,,Apocynaceae
Vincetoxicum mongolicum Maxim.,Vincetoxicum,mongolicum Maxim.,Yes,Yes,129,,,,,,,Apocynaceae
Vincetoxicum mukdenense Kitag.,Vincetoxicum,mukdenense Kitag.,Yes,Yes,130,Yes,[136],,,,,Apocynaceae
Vincetoxicum nigrum (L.) Moench,Vincetoxicum,nigrum (L.) Moench,Yes,Yes,80,,,,,,,Apocynaceae
Vincetoxicum pumilum Decne.,Vincetoxicum,pumilum Decne.,Yes,Yes,80,,,,,,,Apocynaceae
Vincetoxicum rossicum (Kleopow) Barbar.,Vincetoxicum,rossicum (Kleopow) Barbar.,Yes,Yes,80,,,,,,,Apocynaceae
Vincetoxicum spirale (Forssk.) D. Z. Li,Vincetoxicum,spirale (Forssk.) D. Z. Li,Yes,Yes,232,,,,,,,Apocynaceae
Vincetoxicum stauntonii (Decne.) C.Y.Wu & D.Z.Li,Vincetoxicum,stauntonii (Decne.) C.Y.Wu & D.Z.Li,,,,,,,,,,Apocynaceae
Vincetoxicum stocksii Ali & Khatoon,Vincetoxicum,stocksii Ali & Khatoon,,,,,,,,Inactive,269,Apocynaceae
Vincetoxicum sublanceolatum (Miq.) Maxim.,Vincetoxicum,sublanceolatum (Miq.) Maxim.,,,,,,,,,,Apocynaceae
Vincetoxicum taihangense (Tsiang & H.D.Zhang) C.Y.Wu & D.Z.Li,Vincetoxicum,taihangense (Tsiang & H.D.Zhang) C.Y.Wu & D.Z.Li,,,,,,,,,,Apocynaceae
Vincetoxicum tanakae (Maxim.) Franch. & Sav.,Vincetoxicum,tanakae (Maxim.) Franch. & Sav.,Yes,Yes,134,,,,,,,Apocynaceae
Voacanga africana Stapf,Voacanga,africana Stapf,Yes,Yes,271,Yes,"Se, La, B, R [272] [322]",,,Active,26/KN,Apocynaceae
Voacanga bracteata Stapf,Voacanga,bracteata Stapf,Yes,Yes,271,,,,,,,Apocynaceae
Voacanga chalotiana Pierre ex Stapf,Voacanga,chalotiana Pierre ex Stapf,Yes,Yes,271,,,,,,,Apocynaceae
Voacanga foetida (Blume) Rolfe,Voacanga,foetida (Blume) Rolfe,Yes,Yes,142,,,,,,,Apocynaceae
Voacanga globosa (Blaco) Merr.,Voacanga,globosa (Blaco) Merr.,Yes,Yes,271,,,,,Active,26/KN,Apocynaceae
Voacanga grandifolia (Miq.) Rolfe,Voacanga,grandifolia (Miq.) Rolfe,Yes,Yes,270,,,,,Active [26],"270, 26/KN",Apocynaceae
Voacanga megacarpa Merr.,Voacanga,megacarpa Merr.,Yes,Yes,271,,,,,,,Apocynaceae
Voacanga thouarsii Roem. ex Schult.,Voacanga,thouarsii Roem. ex Schult.,Yes,Yes,271,,,,,Active,26/KN,Apocynaceae
Wattakaka lanceolata (T.Cooke) Kerr,Wattakaka,lanceolata (T.Cooke) Kerr,,,,,,,,,,Apocynaceae
Wattakaka volubilis (L.f.) Stapf,Wattakaka,volubilis (L.f.) Stapf,Yes,Yes,119,,,,,,,Apocynaceae
Wrightia antidysenterica (L.) R.Br.,Wrightia,antidysenterica (L.) R.Br.,Yes,Yes,144,,,,,,,Apocynaceae
Wrightia arborea (Dennst.) Mabb.,Wrightia,arborea (Dennst.) Mabb.,Yes,Yes,285,,,,,Inactive,164,Apocynaceae
Wrightia dubia (Sims) Spreng.,Wrightia,dubia (Sims) Spreng.,Yes,Yes,144,Yes,L [261],,,Inactive,261,Apocynaceae
Wrightia karaketii D. J. Middleton,Wrightia,karaketii D. J. Middleton,Yes,Yes,144,,,,,,,Apocynaceae
Wrightia pubescens R. Br.,Wrightia,pubescens R. Br.,,,,Yes,"L,R,SB [88] L, R, B [273] [327]",,,,,Apocynaceae
Wrightia pubescens subsp. laniti (Blanco) Ngan,Wrightia,pubescens subsp. laniti (Blanco) Ngan,Yes,Yes,201,,,,,,,Apocynaceae
Wrightia pubescens subsp. penicillata (F. M. Bailey) Ngan,Wrightia,pubescens subsp. penicillata (F. M. Bailey) Ngan,Yes,Yes,144,,,,,,,Apocynaceae
Wrightia pubescens subsp. pubescens,Wrightia,pubescens subsp. pubescens,,,,Yes,"L, R [273]",,,,,Apocynaceae
Wrightia tinctoria (Roxb.) R. Br.,Wrightia,tinctoria (Roxb.) R. Br.,Yes,Yes,"KN, 144",,,Yes,[79],Inactive,164,Apocynaceae
Xysmalobium undulatum (L.) W. T. Aiton.,Xysmalobium,undulatum (L.) W. T. Aiton.,,,,,,,,Active,100,Apocynaceae
