,genus,Habit,Accepted_Name,Accepted_Species,Accepted_Species_ID,Accepted_ID,Accepted_Rank
0,Acokanthera,sh,Acokanthera,,,2171-1,Genus
1,Acranthera,subsh,Acranthera,,,331317-2,Genus
2,Acrobotrys,sh/subsh,Acrobotrys,,,295729-2,Genus
3,Acrosynanthus,sh/subsh,Acrosynanthus,,,295733-2,Genus
4,Acunaeanthus,sh/subsh/tr,Acunaeanthus,,,298325-2,Genus
5,Adenium,sc,Adenium,,,2172-1,Genus
6,Adenorandia,sh/subsh/tr,Adenorandia,,,981077-1,Genus
7,Adina,sh/tr,Adina,,,34103-1,Genus
8,Adolphoduckea,tr/sh,Adolphoduckea,,,77187867-1,Genus
9,Afrocanthium,tr/sh,Afrocanthium,,,77062247-1,Genus
10,Aganosma,li,Aganosma,,,2176-1,Genus
11,Agathisanthemum,sh/subsh,Agathisanthemum,,,34107-1,Genus
12,Agouticarpa,tr/sh,Agouticarpa,,,327793-2,Genus
13,Aidia,li,Aidia,,,327845-2,Genus
14,Aidiopsis,sh/subsh/tr,Aidiopsis,,,925011-1,Genus
15,Airosperma,sh/subsh/tr,Airosperma,,,34110-1,Genus
16,Alafia,li,Alafia,,,2180-1,Genus
17,Alberta,tr/sh,Alberta,,,34112-1,Genus
18,Aleisanthia,sh/subsh,Aleisanthia,,,34113-1,Genus
19,Aleisanthiopsis,tr/sh,Aleisanthiopsis,,,995636-1,Genus
20,Alibertia,sh/tr,Alibertia,,,30011980-2,Genus
21,Allamanda,sh,Allamanda,,,2182-1,Genus
22,Alleizettella,sh/subsh,Alleizettella,,,34118-1,Genus
23,Allomarkgrafia,li,Allomarkgrafia,,,2183-1,Genus
24,Allowoodsonia,tr/sh,Allowoodsonia,,,2184-1,Genus
25,Alseis,sh/tr,Alseis,,,34120-1,Genus
26,Alstonia,tr,Alstonia,,,331333-2,Genus
27,Alyxia,tr,Alyxia,,,331334-2,Genus
28,Amaioua,sh/tr,Amaioua,,,34121-1,Genus
29,Amalocalyx,li,Amalocalyx,,,2188-1,Genus
30,Amaracarpus,sh/subsh,Amaracarpus,,,34123-1,Genus
31,Ambelania,tr/sh,Ambelania,,,30003984-2,Genus
32,Ampelamus,li/subsh,Ampelamus,,,316972-2,Genus
33,Amphiasma,sh/subsh,Amphiasma,,,34129-1,Genus
34,Amphidasya,subsh/sh,Amphidasya,,,296620-2,Genus
35,Amphineurion,li,Amphineurion,,,2193-1,Genus
36,Amphistemon,subsh,Amphistemon,,,77107060-1,Genus
37,Amsonia,hb,Amsonia,,,2194-1,Genus
38,Ancylobothrys,li,Ancylobothrys,,,2198-1,Genus
39,Anechites,li,Anechites,,,2200-1,Genus
40,Anemotrochus,li/sh/subsh,Anemotrochus,,,77159825-1,Genus
41,Angadenia,li,Angadenia,,,2201-1,Genus
42,Anisopus,li,Anisopus,,,3194-1,Genus
43,Anisotoma,hb/subsh,Anisotoma,,,3195-1,Genus
44,Anodendron,li,Anodendron,,,2205-1,Genus
45,Antherostele,sh/subsh,Antherostele,,,327847-2,Genus
46,Anthorrhiza,hb/subsh,Anthorrhiza,,,956788-1,Genus
47,Anthospermopsis,subsh,Anthospermopsis,,,998208-1,Genus
48,Anthospermum,sh/subsh,Anthospermum,,,34146-1,Genus
49,Antirhea,sh/tr,Antirhea,,,327846-2,Genus
50,Aoranthe,li/sh/subsh,Aoranthe,,,925123-1,Genus
51,Aphanocarpus,subsh/sh,Aphanocarpus,,,297000-2,Genus
52,Apocynum,hb,Apocynum,,,2211-1,Genus
53,Appunia,sh/subsh/tr,Appunia,,,30087424-2,Genus
54,Apteranthes,sc,Apteranthes,,,3206-1,Genus
55,Arachnothryx,sh/tr,Arachnothryx,,,328092-2,Genus
56,Araujia,li,Araujia,,,3207-1,Genus
57,Arcytophyllum,sh,Arcytophyllum,,,34169-1,Genus
58,Argocoffeopsis,li/sh/subsh,Argocoffeopsis,,,34171-1,Genus
59,Argostemma,sh/subsh,Argostemma,,,34173-1,Genus
60,Artia,li,Artia,,,2215-1,Genus
61,Asclepias,hb,Asclepias,,,30005968-2,Genus
62,Asketanthera,li,Asketanthera,,,296561-2,Genus
63,Asperula,hb,Asperula,,,331373-2,Genus
64,Aspidoglossum,hb,Aspidoglossum,,,3212-1,Genus
65,Aspidonepsis,hb,Aspidonepsis,,,970653-1,Genus
66,Aspidosperma,tr,Aspidosperma,,,2217-1,Genus
67,Astephanus,li/subsh,Astephanus,,,30037892-2,Genus
68,Asterostemma,li,Asterostemma,,,3215-1,Genus
69,Atherandra,li,Atherandra,,,3217-1,Genus
70,Atractocarpus,tr/sh,Atractocarpus,,,34185-1,Genus
71,Atractogyne,li,Atractogyne,,,34186-1,Genus
72,Augusta,sh/subsh,Augusta,,,331377-2,Genus
73,Aulacocalyx,sh/subsh/tr,Aulacocalyx,,,34189-1,Genus
74,Australluma,sc,Australluma,,,986757-1,Genus
75,Badusa,tr/sh,Badusa,,,327848-2,Genus
76,Baharuia,li/sh/subsh,Baharuia,,,986035-1,Genus
77,Bahiella,li,Bahiella,,,60443102-2,Genus
78,Baissea,li,Baissea,,,2218-1,Genus
79,Ballyanthus,sc,Ballyanthus,,,1019379-1,Genus
80,Balmea,tr/sh,Balmea,,,298112-2,Genus
81,Barjonia,sh/subsh,Barjonia,,,3223-1,Genus
82,Baroniella,li,Baroniella,,,3224-1,Genus
83,Baseonema,li,Baseonema,,,3226-1,Genus
84,Batesanthus,li,Batesanthus,,,3228-1,Genus
85,Bathysa,sh/tr,Bathysa,,,34203-1,Genus
86,Batopedina,subsh,Batopedina,,,34205-1,Genus
87,Baynesia,sc,Baynesia,,,1018355-1,Genus
88,Beaumontia,li,Beaumontia,,,2221-1,Genus
89,Belonophora,sh/subsh/tr,Belonophora,,,34213-1,Genus
90,Benkara,sh/subsh,Benkara,,,37458-1,Genus
91,Berghesia,sh/subsh,Berghesia,,,34216-1,Genus
92,Bertiera,sh/tr,Bertiera,,,329744-2,Genus
93,Bikkia,sh/subsh/tr,Bikkia,,,34228-1,Genus
94,Blepharidium,sh/subsh/tr,Blepharidium,,,34234-1,Genus
95,Blepharodon,li,Blepharodon,,,3236-1,Genus
96,Bobea,tr/sh,Bobea,,,34237-1,Genus
97,Boholia,sh/subsh,Boholia,,,34238-1,Genus
98,Bothriospora,sh/subsh,Bothriospora,,,34245-1,Genus
99,Botryarrhena,tr/sh,Botryarrhena,,,295957-2,Genus
100,Boucerosia,sc,Boucerosia,,,3239-1,Genus
101,Bousigonia,li,Bousigonia,,,2234-1,Genus
102,Bouvardia,sh/subsh,Bouvardia,,,30000353-2,Genus
103,Brachytome,sh/subsh,Brachytome,,,34248-1,Genus
104,Bradea,subsh,Bradea,,,296047-2,Genus
105,Bremeria,tr/sh,Bremeria,,,77065878-1,Genus
106,Brenania,tr/sh,Brenania,,,34250-1,Genus
107,Breonadia,tr,Breonadia,,,34251-1,Genus
108,Breonia,tr,Breonia,,,34253-1,Genus
109,Bridsonia,hb/subsh,Bridsonia,,,77177795-1,Genus
110,Buckollia,li/sh/subsh,Buckollia,,,978336-1,Genus
111,Bullockia,sh/subsh/tr,Bullockia,,,77101424-1,Genus
112,Bungarimba,sh/subsh/tr,Bungarimba,,,77063586-1,Genus
113,Burchellia,tr/sh,Burchellia,,,34265-1,Genus
114,Byrsophyllum,tr/sh,Byrsophyllum,,,34270-1,Genus
115,Calciphila,subsh,Calciphila,,,60446024-2,Genus
116,Callichilia,sh/subsh,Callichilia,,,2237-1,Genus
117,Callipeltis,hb,Callipeltis,,,34278-1,Genus
118,Calochone,li/sh/subsh,Calochone,,,34279-1,Genus
119,Calocrater,subsh/sh,Calocrater,,,2272-1,Genus
120,Calotropis,sh,Calotropis,,,30369062-2,Genus
121,Calycophyllum,tr,Calycophyllum,,,34281-1,Genus
122,Calycosia,sh/subsh/tr,Calycosia,,,34282-1,Genus
123,Calycosiphonia,sh/subsh/tr,Calycosiphonia,,,893034-1,Genus
124,Calyptranthera,li/subsh,Calyptranthera,,,988402-1,Genus
125,Cameraria,sh/subsh,Cameraria,,,2239-1,Genus
126,Campestigma,li/sh/subsh,Campestigma,,,3252-1,Genus
127,Camptocarpus,li/sh/subsh,Camptocarpus,,,331455-2,Genus
128,Canephora,tr/sh,Canephora,,,34288-1,Genus
129,Canthium,sh/tr,Canthium,,,34290-1,Genus
130,Canthiumera,tr/sh,Canthiumera,,,77195139-1,Genus
131,Capirona,tr/sh,Capirona,,,34292-1,Genus
132,Carajasia,subsh,Carajasia,,,77146978-1,Genus
133,Caralluma,sc,Caralluma,,,30343894-2,Genus
134,Carapichea,sh/tr/subsh,Carapichea,,,30206104-2,Genus
135,Carissa,sh,Carissa,,,2243-1,Genus
136,Carpacoce,subsh,Carpacoce,,,34299-1,Genus
137,Carphalea,sh/subsh/tr,Carphalea,,,34300-1,Genus
138,Carruthersia,li,Carruthersia,,,2248-1,Genus
139,Carterella,hb,Carterella,,,30219602-2,Genus
140,Carvalhoa,sh/subsh/tr,Carvalhoa,,,2249-1,Genus
141,Casasia,tr/sh,Casasia,,,34304-1,Genus
142,Cascabela,sh,Cascabela,,,2250-1,Genus
143,Catesbaea,sh/subsh,Catesbaea,,,30059171-2,Genus
144,Catharanthus,subsh,Catharanthus,,,2251-1,Genus
145,Catunaregam,sh/tr,Catunaregam,,,34310-1,Genus
146,Caudanthera,sc,Caudanthera,,,986774-1,Genus
147,Cephalanthus,sh/tr,Cephalanthus,,,34312-1,Genus
148,Ceratopyxis,sh/subsh,Ceratopyxis,,,34318-1,Genus
149,Cerbera,sh/subsh/tr,Cerbera,,,60436653-2,Genus
150,Cerberiopsis,tr/sh,Cerberiopsis,,,2253-1,Genus
151,Ceriscoides,sh/subsh/tr,Ceriscoides,,,1123761-2,Genus
152,Ceropegia,hb,Ceropegia,,,328162-2,Genus
153,Chaetostachydium,sh/subsh,Chaetostachydium,,,34324-1,Genus
154,Chalepophyllum,sh/subsh/tr,Chalepophyllum,,,34327-1,Genus
155,Chamaeclitandra,subsh/sh,Chamaeclitandra,,,2257-1,Genus
156,Chamaepentas,sh/subsh,Chamaepentas,,,34330-1,Genus
157,Chapelieria,sh/subsh/tr,Chapelieria,,,34335-1,Genus
158,Chassalia,sh/tr/subsh,Chassalia,,,34342-1,Genus
159,Chilocarpus,sh,Chilocarpus,,,2260-1,Genus
160,Chimarrhis,tr,Chimarrhis,,,34349-1,Genus
161,Chiococca,sh/tr,Chiococca,,,30010725-2,Genus
162,Chione,sh/subsh/tr,Chione,,,329733-2,Genus
163,Chlorocyathus,li/hb,Chlorocyathus,,,3264-1,Genus
164,Chomelia,tr/sh,Chomelia,,,328093-2,Genus
165,Chonemorpha,li,Chonemorpha,,,331489-2,Genus
166,Cibirhiza,li,Cibirhiza,,,925113-1,Genus
167,Ciliosemina,tr/sh,Ciliosemina,,,77065716-1,Genus
168,Cinchona,sh/subsh,Cinchona,,,329816-2,Genus
169,Cinchonopsis,tr/sh,Cinchonopsis,,,983791-1,Genus
170,Cionura,hb/subsh/sh,Cionura,,,3270-1,Genus
171,Cladoceras,hb/subsh,Cladoceras,,,34370-1,Genus
172,Clarkella,hb,Clarkella,,,34371-1,Genus
173,Cleghornia,li,Cleghornia,,,2264-1,Genus
174,Clitandra,li,Clitandra,,,2266-1,Genus
175,Coccochondra,sh/subsh,Coccochondra,,,893533-1,Genus
176,Coccocypselum,subsh,Coccocypselum,,,331499-2,Genus
177,Coddia,sh/subsh,Coddia,,,893039-1,Genus
178,Coelospermum,li,Coelospermum,,,327850-2,Genus
179,Coffea,sh/tr,Coffea,,,325985-2,Genus
180,Colletoecema,sh/subsh/tr,Colletoecema,,,34388-1,Genus
181,Condaminea,sh/tr,Condaminea,,,34392-1,Genus
182,Condylocarpon,tr/sh,Condylocarpon,,,328988-2,Genus
183,Conomitra,hb,Conomitra,,,3281-1,Genus
184,Conostomium,subsh,Conostomium,,,34395-1,Genus
185,Coprosma,sh/subsh,Coprosma,,,34398-1,Genus
186,Coptophyllum,hb,Coptophyllum,,,331515-2,Genus
187,Coptosapelta,li/sh/subsh,Coptosapelta,,,34401-1,Genus
188,Coptosperma,sh/subsh/tr,Coptosperma,,,34402-1,Genus
189,Cordiera,sh/tr/subsh,Cordiera,,,30011006-2,Genus
190,Cordylogyne,hb,Cordylogyne,,,3284-1,Genus
191,Cordylostigma,hb,Cordylostigma,,,77107951-1,Genus
192,Corynanthe,tr,Corynanthe,,,34406-1,Genus
193,Coryphothamnus,subsh/sh,Coryphothamnus,,,296910-2,Genus
194,Cosmibuena,sh/tr,Cosmibuena,,,331521-2,Genus
195,Cosmocalyx,tr/sh,Cosmocalyx,,,296914-2,Genus
196,Cosmostigma,li,Cosmostigma,,,3287-1,Genus
197,Couma,tr/sh,Couma,,,2277-1,Genus
198,Coussarea,sh/subsh/tr,Coussarea,,,34412-1,Genus
199,Coutaportla,subsh/sh,Coutaportla,,,296973-2,Genus
200,Coutarea,sh/tr,Coutarea,,,34414-1,Genus
201,Coutareopsis,sh/subsh/tr,Coutareopsis,,,77187930-1,Genus
202,Cowiea,tr/sh,Cowiea,,,34418-1,Genus
203,Craspidospermum,tr/sh,Craspidospermum,,,2280-1,Genus
204,Craterispermum,sh/tr,Craterispermum,,,34420-1,Genus
205,Cremaspora,hb/subsh/tr/sh,Cremaspora,,,34423-1,Genus
206,Crioceras,sh/subsh/tr,Crioceras,,,2281-1,Genus
207,Cristobalia,subsh,Cristobalia,,,60473391-2,Genus
208,Crobylanthe,sh/subsh,Crobylanthe,,,34427-1,Genus
209,Crossopteryx,sh/subsh/tr,Crossopteryx,,,34430-1,Genus
210,Crucianella,subsh,Crucianella,,,30040449-2,Genus
211,Cruciata,hb,Cruciata,,,34433-1,Genus
212,Cruckshanksia,hb,Cruckshanksia,,,331524-2,Genus
213,Crusea,hb,Crusea,,,329735-2,Genus
214,Cryptolepis,sh/li,Cryptolepis,,,3291-1,Genus
215,Cryptostegia,li,Cryptostegia,,,3293-1,Genus
216,Cubanola,sh/subsh/tr,Cubanola,,,298249-2,Genus
217,Cuviera,sh/subsh/tr,Cuviera,,,331533-2,Genus
218,Cyanoneuron,subsh/sh,Cyanoneuron,,,1001902-1,Genus
219,Cycladenia,hb,Cycladenia,,,2285-1,Genus
220,Cyclocotyla,li,Cyclocotyla,,,2286-1,Genus
221,Cyclophyllum,sh/subsh,Cyclophyllum,,,34452-1,Genus
222,Cylindropsis,li/sh/subsh,Cylindropsis,,,2289-1,Genus
223,Cynanchum,li/sh/subsh,Cynanchum,,,30401855-2,Genus
224,Damnacanthus,sh/subsh,Damnacanthus,,,34456-1,Genus
225,Danais,sh/li,Danais,,,34457-1,Genus
226,Debia,hb,Debia,,,77147270-1,Genus
227,Decalepis,li,Decalepis,,,3313-1,Genus
228,Deccania,tr/sh,Deccania,,,893278-1,Genus
229,Declieuxia,subsh,Declieuxia,,,34464-1,Genus
230,Dendrosipanea,sh/subsh,Dendrosipanea,,,296724-2,Genus
231,Denscantia,li/subsh,Denscantia,,,20005653-1,Genus
232,Dentella,subsh,Dentella,,,34469-1,Genus
233,Deppea,sh/subsh,Deppea,,,328103-2,Genus
234,Desmidorchis,sc,Desmidorchis,,,3319-1,Genus
235,Dewevrella,li,Dewevrella,,,2296-1,Genus
236,Dialypetalanthus,tr/sh,Dialypetalanthus,,,296738-2,Genus
237,Dibrachionostylus,subsh,Dibrachionostylus,,,34475-1,Genus
238,Dibridsonia,sh/subsh/tr,Dibridsonia,,,77195146-1,Genus
239,Dichilanthe,tr/sh,Dichilanthe,,,34476-1,Genus
240,Dictyophleba,li,Dictyophleba,,,2298-1,Genus
241,Didymaea,hb/subsh,Didymaea,,,328101-2,Genus
242,Didymochlamys,subsh,Didymochlamys,,,34482-1,Genus
243,Didymosalpinx,sh/subsh,Didymosalpinx,,,34485-1,Genus
244,Dimetia,subsh/li,Dimetia,,,34487-1,Genus
245,Diodia,hb,Diodia,,,60014714-3,Genus
246,Dioecrescis,sh/subsh/tr,Dioecrescis,,,893279-1,Genus
247,Dioicodendron,hb/subsh,Dioicodendron,,,296441-2,Genus
248,Diplolepis,li/sh/subsh,Diplolepis,,,30132335-2,Genus
249,Diplorhynchus,tr,Diplorhynchus,,,2301-1,Genus
250,Diplospora,tr,Diplospora,,,327853-2,Genus
251,Dirichletia,sh/subsh,Dirichletia,,,34501-1,Genus
252,Dischidanthus,li,Dischidanthus,,,2303-1,Genus
253,Dischidia,li/subsh,Dischidia,,,3332-1,Genus
254,Dischidiopsis,li/subsh,Dischidia,,,3332-1,Genus
255,Discospermum,sh/subsh/tr,Discospermum,,,327854-2,Genus
256,Ditassa,li/subsh,Ditassa,,,3334-1,Genus
257,Ditrichanthus,sh/subsh,Ditrichanthus,,,77150862-1,Genus
258,Diyaminauclea,tr/sh,Diyaminauclea,,,34507-1,Genus
259,Dolianthus,sh/subsh,Dolianthus,,,25053-1,Genus
260,Dolichodelphys,sh/subsh/tr,Dolichodelphys,,,34510-1,Genus
261,Dolicholobium,sh/subsh/tr,Dolicholobium,,,327855-2,Genus
262,Dolichometra,subsh,Dolichometra,,,34512-1,Genus
263,Dolichopentas,subsh/sh,Dolichopentas,,,77086219-1,Genus
264,Dolichopetalum,li,Dolichopetalum,,,3337-1,Genus
265,Donnellyanthus,sh/subsh,Donnellyanthus,,,77115776-1,Genus
266,Dregea,li,Dregea,,,331574-2,Genus
267,Duidania,sh/subsh/tr,Duidania,,,297173-2,Genus
268,Dunnia,sh/subsh,Dunnia,,,34525-1,Genus
269,Duperrea,sh/subsh/tr,Duperrea,,,34526-1,Genus
270,Duroia,tr,Duroia,,,327394-2,Genus
271,Durringtonia,hb,Durringtonia,,,893447-1,Genus
272,Duvalia,sc,Duvalia,,,3343-1,Genus
273,Duvaliandra,sc,Duvaliandra,,,3344-1,Genus
274,Duvaliaranthus,sc,× Duvaliaranthus,,,3345-1,Genus
275,Dyera,tr,Dyera,,,2308-1,Genus
276,Echidnopsis,sc,Echidnopsis,,,3347-1,Genus
277,Echites,li,Echites,,,30002973-2,Genus
278,Ectadium,subsh/sh,Ectadium,,,3350-1,Genus
279,Ecua,li,Ecua,,,989505-1,Genus
280,Edithcolea,sc,Edithcolea,,,3352-1,Genus
281,Edrastima,hb/subsh,Edrastima,,,60467433-2,Genus
282,Eizia,subsh/sh,Eizia,,,298263-2,Genus
283,Elaeagia,tr,Elaeagia,,,30043270-2,Genus
284,Elytropus,li,Elytropus,,,2317-1,Genus
285,Emicocarpus,hb,Emicocarpus,,,3356-1,Genus
286,Emmenopterys,sh,Emmenopterys,,,34549-1,Genus
287,Emmeorhiza,li/sh/subsh,Emmeorhiza,,,34550-1,Genus
288,Emplectanthus,li/subsh,Emplectanthus,,,3357-1,Genus
289,Empogona,sh/subsh/tr,Empogona,,,34552-1,Genus
290,Eosanthe,sh/subsh/tr,Eosanthe,,,295451-2,Genus
291,Ephippiocarpa,sh/subsh,Ephippiocarpa,,,2319-1,Genus
292,Epigynum,li,Epigynum,,,2321-1,Genus
293,Epistemma,li/sh/subsh,Epistemma,,,893162-1,Genus
294,Eriosemopsis,hb/subsh,Eriosemopsis,,,34565-1,Genus
295,Erithalis,sh/subsh/tr,Erithalis,,,327126-2,Genus
296,Ernodea,sh/subsh,Ernodea,,,327128-2,Genus
297,Euclinia,sh/subsh/tr,Euclinia,,,34576-1,Genus
298,Eucorymbia,li,Eucorymbia,,,2325-1,Genus
299,Eumachia,sh,Eumachia,,,34578-1,Genus
300,Eustegia,hb,Eustegia,,,3363-1,Genus
301,Everistia,sh/subsh/tr,Everistia,,,1007226-1,Genus
302,Exallage,sh,Exallage,,,34589-1,Genus
303,Exallosperma,sh/subsh,Exallosperma,,,77178881-1,Genus
304,Exostema,sh/tr,Exostema,,,1057956-2,Genus
305,Fadogia,subsh,Fadogia,,,34596-1,Genus
306,Fadogiella,sh,Fadogiella,,,34597-1,Genus
307,Fanninia,hb,Fanninia,,,3368-1,Genus
308,Faramea,sh/subsh/tr,Faramea,,,34600-1,Genus
309,Farquharia,li,Farquharia,,,2329-1,Genus
310,Ferdinandusa,tr/sh,Ferdinandusa,,,34602-1,Genus
311,Feretia,sh/subsh/tr,Feretia,,,34605-1,Genus
312,Fergusonia,hb/subsh,Fergusonia,,,34606-1,Genus
313,Fernelia,sh/subsh,Fernelia,,,34607-1,Genus
314,Finlaysonia,li,Finlaysonia,,,3370-1,Genus
315,Fischeria,li,Fischeria,,,30025794-2,Genus
316,Flagenium,sh/subsh/tr,Flagenium,,,34611-1,Genus
317,Flexanthera,tr/sh,Flexanthera,,,295370-2,Genus
318,Fockea,li/hb,Fockea,,,3373-1,Genus
319,Foonchewia,sh/subsh,Foonchewia,,,77161514-1,Genus
320,Forsteronia,li,Forsteronia,,,328996-2,Genus
321,Fosbergia,tr/sh,Fosbergia,,,996473-1,Genus
322,Funastrum,li/subsh,Funastrum,,,3376-1,Genus
323,Funtumia,tr,Funtumia,,,295871-2,Genus
324,Gaertnera,sh/subsh/tr,Gaertnera,,,331617-2,Genus
325,Galactophora,sh/subsh,Galactophora,,,295864-2,Genus
326,Galianthe,sh/subsh/li,Galianthe,,,34622-1,Genus
327,Galiasperula,hb,× Galiasperula,,,34623-1,Genus
328,Galiniera,sh/tr,Galiniera,,,34624-1,Genus
329,Galium,subsh,Galium,,,325955-2,Genus
330,Gallienia,sh/subsh,Gallienia,,,34628-1,Genus
331,Galopina,hb/subsh,Galopina,,,34632-1,Genus
332,Ganguelia,subsh,Ganguelia,,,988633-1,Genus
333,Gardenia,sh,Gardenia,,,331627-2,Genus
334,Gardeniopsis,sh/subsh/tr,Gardeniopsis,,,34639-1,Genus
335,Geissospermum,tr,Geissospermum,,,2340-1,Genus
336,Genianthus,li/subsh,Genianthus,,,3377-1,Genus
337,Genipa,sh/tr,Genipa,,,34640-1,Genus
338,Gentingia,sh/subsh/tr,Gentingia,,,925148-1,Genus
339,Geophila,subsh,Geophila,,,331623-2,Genus
340,Gillespiea,sh/subsh/tr,Gillespiea,,,34647-1,Genus
341,Gleasonia,tr/sh,Gleasonia,,,297333-2,Genus
342,Glionnetia,tr/sh,Glionnetia,,,893372-1,Genus
343,Globulostylis,sh/subsh/tr,Globulostylis,,,34649-1,Genus
344,Glossostelma,hb,Glossostelma,,,3381-1,Genus
345,Glossostipula,tr/sh,Glossostipula,,,925008-1,Genus
346,Gomphocalyx,hb,Gomphocalyx,,,294735-2,Genus
347,Gomphocarpus,sh,Gomphocarpus,,,30051534-2,Genus
348,Gongronema,li,Gongronema,,,3384-1,Genus
349,Gonioma,sh,Gonioma,,,2342-1,Genus
350,Goniostemma,li/sh/subsh,Goniostemma,,,3387-1,Genus
351,Gonolobus,li/subsh,Gonolobus,,,30002727-2,Genus
352,Gonzalagunia,sh/tr,Gonzalagunia,,,34659-1,Genus
353,Greenea,tr/sh,Greenea,,,34662-1,Genus
354,Greeniopsis,tr/sh,Greeniopsis,,,327857-2,Genus
355,Guettarda,sh/tr,Guettarda,,,34671-1,Genus
356,Guihaiothamnus,subsh,Guihaiothamnus,,,1007331-1,Genus
357,Gunnessia,li,Gunnessia,,,925292-1,Genus
358,Gymnanthera,li/sh/subsh,Gymnanthera,,,3397-1,Genus
359,Gymnema,li,Gymnema,,,3398-1,Genus
360,Gynochthodes,li,Gynochthodes,,,34676-1,Genus
361,Gyrostelma,subsh,Gyrostelma,,,3401-1,Genus
362,Gyrostipula,tr,Gyrostipula,,,34679-1,Genus
363,Habroneuron,li/sh/subsh,Habroneuron,,,298236-2,Genus
364,Hamelia,sh/tr,Hamelia,,,34686-1,Genus
365,Hancornia,tr,Hancornia,,,328990-2,Genus
366,Haplophyton,subsh,Haplophyton,,,2356-1,Genus
367,Hedstromia,tr/sh,Hedstromia,,,34692-1,Genus
368,Hedyotis,subsh,Hedyotis,,,30001807-2,Genus
369,Hedythyrsus,hb,Hedythyrsus,,,34695-1,Genus
370,Heinsenia,sh/subsh/tr,Heinsenia,,,34696-1,Genus
371,Heinsia,sh/subsh/tr,Heinsia,,,34697-1,Genus
372,Hekistocarpa,subsh,Hekistocarpa,,,34698-1,Genus
373,Hemidesmus,li,Hemidesmus,,,3409-1,Genus
374,Hemipogon,subsh,Hemipogon,,,3410-1,Genus
375,Henriquezia,tr/sh,Henriquezia,,,34704-1,Genus
376,Heterophyllaea,sh/subsh,Heterophyllaea,,,34705-1,Genus
377,Heterostemma,li,Heterostemma,,,3412-1,Genus
378,Hexasepalum,subsh/li,Hexasepalum,,,34707-1,Genus
379,Heynella,subsh,Heynella,,,3415-1,Genus
380,Hiepia,hb/subsh,Hoya,,,60437256-2,Genus
381,Hillia,sh/subsh/tr,Hillia,,,30000270-2,Genus
382,Himalrandia,subsh,Himalrandia,,,34716-1,Genus
383,Himatanthus,sh,Himatanthus,,,30058664-2,Genus
384,Hindsia,sh/subsh,Hindsia,,,34717-1,Genus
385,Hintonia,sh/subsh/tr,Hintonia,,,297578-2,Genus
386,Hippotis,sh/subsh/tr,Hippotis,,,34719-1,Genus
387,Hodgkinsonia,tr/sh,Hodgkinsonia,,,34721-1,Genus
388,Hoffmannia,sh,Hoffmannia,,,34722-1,Genus
389,Holarrhena,tr,Holarrhena,,,2371-1,Genus
390,Holstianthus,sh/subsh,Holstianthus,,,924980-1,Genus
391,Homollea,sh/subsh,Homollea,,,34730-1,Genus
392,Hoodia,sc,Hoodia,,,3425-1,Genus
393,Hoodiapelia,sc,× Hoodiapelia,,,3427-1,Genus
394,Hoodiorbea,sc,× Hoodiorbea,,,60435757-2,Genus
395,Hoodiotriche,sc,× Hoodiotriche,,,60435759-2,Genus
396,Houstonia,subsh,Houstonia,,,30006515-2,Genus
397,Hoya,li,Hoya,,,60437256-2,Genus
398,Huernia,sc,Huernia,,,3432-1,Genus
399,Hunteria,tr,Hunteria,,,2377-1,Genus
400,Hutchinsonia,sh/subsh,Hutchinsonia,,,34736-1,Genus
401,Hydnophytum,li,Hydnophytum,,,34737-1,Genus
402,Hydrophylax,subsh,Hydrophylax,,,34738-1,Genus
403,Hylaea,tr/sh,Hylaea,,,1006671-1,Genus
404,Hymenocoleus,subsh,Hymenocoleus,,,34745-1,Genus
405,Hymenodictyon,tr/sh,Hymenodictyon,,,327858-2,Genus
406,Hyperacanthus,sh/subsh/tr,Hyperacanthus,,,893455-1,Genus
407,Hypobathrum,sh/subsh,Hypobathrum,,,34753-1,Genus
408,Hypolobus,li/subsh,Hypolobus,,,3440-1,Genus
409,Hyptianthera,sh/subsh/tr,Hyptianthera,,,34755-1,Genus
410,Ibatia,li,Ibatia,,,3441-1,Genus
411,Ichnocarpus,li,Ichnocarpus,,,331670-2,Genus
412,Involucrella,subsh,Involucrella,,,77147288-1,Genus
413,Ischnolepis,li,Ischnolepis,,,3445-1,Genus
414,Isertia,sh/tr,Isertia,,,34762-1,Genus
415,Isidorea,sh/subsh,Isidorea,,,34764-1,Genus
416,Isonema,hb/subsh,Isonema,,,2382-1,Genus
417,Ixodonerium,li,Ixodonerium,,,2383-1,Genus
418,Ixora,sh/tr,Ixora,,,30043713-2,Genus
419,Jackiopsis,tr/sh,Jackiopsis,,,34768-1,Genus
420,Janotia,tr/sh,Janotia,,,34770-1,Genus
421,Jasminanthes,li,Jasminanthes,,,3449-1,Genus
422,Jobinia,li/subsh,Jobinia,,,3451-1,Genus
423,Joosia,sh/tr,Joosia,,,34774-1,Genus
424,Jovetia,subsh/sh,Jovetia,,,34775-1,Genus
425,Kadua,subsh,Kadua,,,34778-1,Genus
426,Kailarsenia,sh/subsh,Kailarsenia,,,893299-1,Genus
427,Kajewskiella,sh/subsh/tr,Kajewskiella,,,34779-1,Genus
428,Kamettia,li,Kamettia,,,2387-1,Genus
429,Kanahia,subsh,Kanahia,,,3453-1,Genus
430,Kanapia,hb/subsh,Kanapia,,,77165499-1,Genus
431,Keetia,sh/li,Keetia,,,326034-2,Genus
432,Kelloggia,hb,Kelloggia,,,34784-1,Genus
433,Kerianthera,tr/sh,Kerianthera,,,893461-1,Genus
434,Khasiaclunea,sh,Khasiaclunea,,,34786-1,Genus
435,Kibatalia,tr/sh,Kibatalia,,,2390-1,Genus
436,Klossia,subsh,Klossia,,,34788-1,Genus
437,Knoxia,subsh,Knoxia,,,327859-2,Genus
438,Kochummenia,sh/subsh/tr,Kochummenia,,,893380-1,Genus
439,Kohautia,subsh,Kohautia,,,331685-2,Genus
440,Kopsia,tr,Kopsia,,,328837-2,Genus
441,Kraussia,sh/subsh/tr,Kraussia,,,34794-1,Genus
442,Kupeantha,sh/subsh,Kupeantha,,,60476503-2,Genus
443,Kutchubaea,tr/sh,Kutchubaea,,,30043141-2,Genus
444,Lachnostoma,li,Lachnostoma,,,3460-1,Genus
445,Lacmellea,tr/sh,Lacmellea,,,30059164-2,Genus
446,Ladenbergia,tr,Ladenbergia,,,34802-1,Genus
447,Lamprothamnus,sh/subsh/tr,Lamprothamnus,,,34805-1,Genus
448,Landiopsis,tr/sh,Landiopsis,,,1002198-1,Genus
449,Landolphia,li,Landolphia,,,331696-2,Genus
450,Larryleachia,sc,Larryleachia,,,995318-1,Genus
451,Larsenaikia,sh/subsh,Larsenaikia,,,972408-1,Genus
452,Lasianthus,sh/subsh,Lasianthus,,,331701-2,Genus
453,Lathraeocarpa,subsh,Lathraeocarpa,,,34811-1,Genus
454,Laubertia,li,Laubertia,,,2403-1,Genus
455,Lavrania,sc,Lavrania,,,924962-1,Genus
456,Laxoplumeria,tr/sh,Laxoplumeria,,,294718-2,Genus
457,Lecananthus,li,Lecananthus,,,34818-1,Genus
458,Lelya,subsh,Lelya,,,77126884-1,Genus
459,Lemyrea,tr/sh,Lemyrea,,,1156627-2,Genus
460,Lepinia,tr/sh,Lepinia,,,2406-1,Genus
461,Lepiniopsis,sh/subsh,Lepiniopsis,,,2407-1,Genus
462,Leptactina,sh/subsh/tr,Leptactina,,,34827-1,Genus
463,Leptadenia,li,Leptadenia,,,3469-1,Genus
464,Leptodermis,sh/subsh,Leptodermis,,,34830-1,Genus
465,Leptomischus,hb,Leptomischus,,,34831-1,Genus
466,Leptopetalum,subsh/sh,Leptopetalum,,,34832-1,Genus
467,Leptoscela,hb,Leptoscela,,,34834-1,Genus
468,Leptostigma,subsh,Leptostigma,,,34836-1,Genus
469,Lerchea,sh,Lerchea,,,331710-2,Genus
470,Leucocodon,li,Leucocodon,,,34841-1,Genus
471,Leucolophus,sh/subsh,Leucolophus,,,34842-1,Genus
472,Leuconotis,li,Leuconotis,,,2410-1,Genus
473,Limnosipanea,hb,Limnosipanea,,,34844-1,Genus
474,Luculia,sh/subsh/tr,Luculia,,,34855-1,Genus
475,Lucya,hb,Lucya,,,331734-2,Genus
476,Lygisma,li,Lygisma,,,3479-1,Genus
477,Macbrideina,tr/sh,Macbrideina,,,295623-2,Genus
478,Machaonia,sh/subsh,Machaonia,,,34864-1,Genus
479,Macoubea,tr/sh,Macoubea,,,2415-1,Genus
480,Macrocnemum,tr/sh,Macrocnemum,,,34867-1,Genus
481,Macropharynx,li,Macropharynx,,,295631-2,Genus
482,Macroscepis,li,Macroscepis,,,3485-1,Genus
483,Macrosphyra,hb/subsh,Macrosphyra,,,34870-1,Genus
484,Maguireocharis,sh/subsh/tr,Maguireocharis,,,296784-2,Genus
485,Maguireothamnus,sh/subsh,Maguireothamnus,,,296794-2,Genus
486,Malanea,li/sh/subsh,Malanea,,,34873-1,Genus
487,Malouetia,tr/sh,Malouetia,,,2420-1,Genus
488,Mandevilla,li,Mandevilla,,,328998-2,Genus
489,Manettia,li/subsh,Manettia,,,331752-2,Genus
490,Manostachya,subsh,Manostachya,,,34878-1,Genus
491,Manothrix,li,Manothrix,,,2424-1,Genus
492,Mantalania,tr/sh,Mantalania,,,34879-1,Genus
493,Margaretta,hb,Margaretta,,,3493-1,Genus
494,Marsdenia,sh/li,Marsdenia,,,331758-2,Genus
495,Martensianthus,hb,Martensianthus,,,77111063-1,Genus
496,Mascarenhasia,sh/subsh/tr,Mascarenhasia,,,2425-1,Genus
497,Maschalodesme,sh/subsh,Maschalodesme,,,34891-1,Genus
498,Massularia,sh/subsh/tr,Massularia,,,34892-1,Genus
499,Mastixiodendron,tr/sh,Mastixiodendron,,,12091-1,Genus
500,Matelea,li,Matelea,,,30001048-2,Genus
501,Mazaea,sh/subsh,Mazaea,,,34899-1,Genus
502,Melanopsidium,sh/subsh/tr,Melanopsidium,,,34905-1,Genus
503,Melanoxerus,sh/subsh/tr,Melanoxerus,,,77142432-1,Genus
504,Melodinus,li,Melodinus,,,2428-1,Genus
505,Mericarpaea,hb,Mericarpaea,,,34910-1,Genus
506,Merumea,sh/subsh,Merumea,,,297513-2,Genus
507,Mesechites,li,Mesechites,,,328983-2,Genus
508,Metastelma,li,Metastelma,,,30384004-2,Genus
509,Mexotis,hb,Mexotis,,,77103406-1,Genus
510,Meyna,sh/tr,Meyna,,,34918-1,Genus
511,Micrasepalum,subsh,Micrasepalum,,,297550-2,Genus
512,Micrechites,li,Micrechites,,,2435-1,Genus
513,Microloma,subsh/sh,Microloma,,,3510-1,Genus
514,Microphysa,hb,Microphysa,,,34921-1,Genus
515,Microplumeria,sh/subsh/tr,Microplumeria,,,297566-2,Genus
516,Minaria,subsh,Minaria,,,77074582-1,Genus
517,Miraglossum,hb,Miraglossum,,,893392-1,Genus
518,Mitchella,subsh,Mitchella,,,34924-1,Genus
519,Mitracarpus,subsh,Mitracarpus,,,30004750-2,Genus
520,Mitragyna,tr,Mitragyna,,,327864-2,Genus
521,Mitrasacmopsis,hb,Mitrasacmopsis,,,25094-1,Genus
522,Mitriostigma,sh/subsh,Mitriostigma,,,34932-1,Genus
523,Molongum,tr/sh,Molongum,,,2439-1,Genus
524,Molopanthera,tr/sh,Molopanthera,,,34934-1,Genus
525,Mondia,li,Mondia,,,3516-1,Genus
526,Monolluma,sc,Monolluma,,,986816-1,Genus
527,Monosalpinx,sh/subsh,Monosalpinx,,,34936-1,Genus
528,Monsanima,li/subsh,Monsanima,,,77132633-1,Genus
529,Morelia,sh/subsh/tr,Morelia,,,34939-1,Genus
530,Morilloa,li/subsh,Morilloa,,,77147475-1,Genus
531,Morinda,sh/subsh/tr,Morinda,,,34941-1,Genus
532,Morindopsis,sh/subsh,Morindopsis,,,34942-1,Genus
533,Mortoniella,tr/sh,Mortoniella,,,295062-2,Genus
534,Motandra,li,Motandra,,,2442-1,Genus
535,Motleyia,tr/sh,Motleyia,,,925024-1,Genus
536,Motleyothamnus,subsh/sh,Motleyothamnus,,,77187935-1,Genus
537,Mouretia,subsh,Mouretia,,,34943-1,Genus
538,Mucoa,tr/sh,Mucoa,,,925109-1,Genus
539,Multidentia,sh/subsh/tr,Multidentia,,,34944-1,Genus
540,Mussaenda,sh/li,Mussaenda,,,327866-2,Genus
541,Mussaendopsis,tr/sh,Mussaendopsis,,,34947-1,Genus
542,Mycetia,subsh/sh,Mycetia,,,34949-1,Genus
543,Myriopteron,li,Myriopteron,,,3521-1,Genus
544,Myrmecodia,hb/subsh,Myrmecodia,,,34952-1,Genus
545,Myrmeconauclea,sh,Myrmeconauclea,,,327868-2,Genus
546,Myrmephytum,subsh,Myrmephytum,,,327869-2,Genus
547,Nargedia,sh/subsh/tr,Nargedia,,,34963-1,Genus
548,Nauclea,tr,Nauclea,,,327870-2,Genus
549,Neanotis,subsh/li,Neanotis,,,34968-1,Genus
550,Neblinathamnus,subsh/sh,Neblinathamnus,,,295039-2,Genus
551,Nematostylis,subsh/sh,Nematostylis,,,34972-1,Genus
552,Nenax,subsh,Nenax,,,34974-1,Genus
553,Neobertiera,subsh/sh,Neobertiera,,,295313-2,Genus
554,Neoblakea,sh/subsh,Neoblakea,,,295309-2,Genus
555,Neobracea,sh/subsh/tr,Neobracea,,,325408-2,Genus
556,Neocouma,tr/sh,Neocouma,,,295333-2,Genus
557,Neohymenopogon,sh/subsh,Neohymenopogon,,,893518-1,Genus
558,Neolamarckia,tr,Neolamarckia,,,893396-1,Genus
559,Neomussaenda,sh/subsh,Neomussaenda,,,980452-1,Genus
560,Neonauclea,tr,Neonauclea,,,327872-2,Genus
561,Neoschumannia,li,Neoschumannia,,,3527-1,Genus
562,Nephradenia,li,Nephradenia,,,30056552-2,Genus
563,Nerium,sh/subsh/tr,Nerium,,,30305280-2,Genus
564,Nernstia,sh/subsh,Nernstia,,,295302-2,Genus
565,Nertera,subsh,Nertera,,,331802-2,Genus
566,Nesohedyotis,sh/subsh,Nesohedyotis,,,34994-1,Genus
567,Neurocalyx,hb/subsh,Neurocalyx,,,34996-1,Genus
568,Nichallea,sh/subsh,Nichallea,,,34998-1,Genus
569,Nodocarpaea,subsh,Nodocarpaea,,,35000-1,Genus
570,Normandia,sh/subsh/tr,Normandia,,,35003-1,Genus
571,Nostolachma,sh/subsh,Nostolachma,,,35004-1,Genus
572,Notechidnopsis,sc,Notechidnopsis,,,893471-1,Genus
573,Notopleura,subsh/sh,Notopleura,,,35007-1,Genus
574,Ochreinauclea,sh,Ochreinauclea,,,35011-1,Genus
575,Ochrosia,tr,Ochrosia,,,2461-1,Genus
576,Octotropis,sh/subsh/tr,Octotropis,,,35015-1,Genus
577,Odontadenia,li,Odontadenia,,,2465-1,Genus
578,Oldenlandia,subsh,Oldenlandia,,,30014644-2,Genus
579,Oldenlandiopsis,subsh,Oldenlandiopsis,,,925301-1,Genus
580,Oligocodon,li/sh/subsh,Oligocodon,,,35019-1,Genus
581,Omiltemia,sh/subsh,Omiltemia,,,35022-1,Genus
582,Oncinema,li,Oncinema,,,3542-1,Genus
583,Oncinotis,li,Oncinotis,,,2469-1,Genus
584,Opercularia,hb,Opercularia,,,35023-1,Genus
585,Ophionella,sc,Ophionella,,,893082-1,Genus
586,Ophiorrhiza,subsh,Ophiorrhiza,,,30280723-2,Genus
587,Orbea,sc,Orbea,,,3544-1,Genus
588,Orbelia,sc,× Orbelia,,,893008-1,Genus
589,Oreopolus,subsh,Oreopolus,,,35028-1,Genus
590,Oreosparte,li/hb/subsh,Oreosparte,,,3547-1,Genus
591,Orthanthera,subsh,Orthanthera,,,3548-1,Genus
592,Orthopichonia,li,Orthopichonia,,,2476-1,Genus
593,Orthosia,li/subsh,Orthosia,,,30027037-2,Genus
594,Osa,tr/sh,Osa,,,35031-1,Genus
595,Otiophora,subsh,Otiophora,,,35032-1,Genus
596,Otomeria,subsh,Otomeria,,,35035-1,Genus
597,Ottoschmidtia,sh/subsh,Ottoschmidtia,,,296872-2,Genus
598,Oxyanthus,sh/subsh/tr,Oxyanthus,,,35041-1,Genus
599,Oxyceros,li,Oxyceros,,,327874-2,Genus
600,Oxypetalum,hb,Oxypetalum,,,331823-2,Genus
601,Oxystelma,li/subsh,Oxystelma,,,30086246-2,Genus
602,Pachycarpus,hb,Pachycarpus,,,3560-1,Genus
603,Pachypodium,sc/hb/tr,Pachypodium,,,30028643-2,Genus
604,Pachystylus,sh/subsh/tr,Pachystylus,,,35046-1,Genus
605,Pacouria,li,Pacouria,,,2481-1,Genus
606,Paederia,li,Paederia,,,35047-1,Genus
607,Pagamea,tr/sh,Pagamea,,,25107-1,Genus
608,Pagameopsis,sh/subsh,Pagameopsis,,,296881-2,Genus
609,Palicourea,sh/tr/subsh,Palicourea,,,30000890-2,Genus
610,Papuechites,li,Papuechites,,,2487-1,Genus
611,Paracarphalea,sh/subsh/tr,Paracarphalea,,,77155726-1,Genus
612,Paracephaelis,sh/subsh,Paracephaelis,,,35059-1,Genus
613,Parachimarrhis,tr/sh,Parachimarrhis,,,296935-2,Genus
614,Paracorynanthe,tr/sh,Paracorynanthe,,,35062-1,Genus
615,Paragenipa,sh/subsh/tr,Paragenipa,,,35064-1,Genus
616,Parahancornia,tr/sh,Parahancornia,,,2490-1,Genus
617,Paraknoxia,hb,Paraknoxia,,,35066-1,Genus
618,Paralasianthus,sh/subsh,Paralasianthus,,,77145947-1,Genus
619,Parapentas,subsh,Parapentas,,,35067-1,Genus
620,Parepigynum,li,Parepigynum,,,2498-1,Genus
621,Parsonsia,li,Parsonsia,,,331830-2,Genus
622,Patima,sh/subsh,Patima,,,35071-1,Genus
623,Pattalias,hb/subsh,Pattalias,,,296829-2,Genus
624,Pauridiantha,sh/subsh/tr,Pauridiantha,,,35073-1,Genus
625,Pavetta,sh/tr,Pavetta,,,327877-2,Genus
626,Payera,sh/subsh/tr,Payera,,,331833-2,Genus
627,Pectinaria,sc,Pectinaria,,,331834-2,Genus
628,Pentacyphus,li,Pentacyphus,,,295216-2,Genus
629,Pentagonia,sh/tr,Pentagonia,,,35086-1,Genus
630,Pentalinon,li,Pentalinon,,,2502-1,Genus
631,Pentaloncha,subsh,Pentaloncha,,,35087-1,Genus
632,Pentanisia,subsh,Pentanisia,,,35088-1,Genus
633,Pentanopsis,sh/subsh,Pentanopsis,,,35089-1,Genus
634,Pentas,subsh/sh,Pentas,,,35090-1,Genus
635,Pentasachme,hb,Pentasacme,,,3578-1,Genus
636,Pentatropis,li/subsh,Pentatropis,,,80546-3,Genus
637,Pentodon,hb/subsh,Pentodon,,,35091-1,Genus
638,Pentopetia,subsh,Pentopetia,,,3582-1,Genus
639,Peplonia,li/subsh,Peplonia,,,3584-1,Genus
640,Peponidium,tr/sh,Peponidium,,,35092-1,Genus
641,Perakanthus,sh/subsh/tr,Perakanthus,,,35093-1,Genus
642,Perama,hb,Perama,,,35095-1,Genus
643,Pergularia,li,Pergularia,,,3585-1,Genus
644,Periglossum,hb,Periglossum,,,3587-1,Genus
645,Periploca,sh/li,Periploca,,,3588-1,Genus
646,Pervillaea,li,Pervillaea,,,3590-1,Genus
647,Petalostelma,li,Petalostelma,,,3592-1,Genus
648,Petchia,sh/subsh/tr,Petchia,,,2508-1,Genus
649,Petitiocodon,sh/subsh/tr,Petitiocodon,,,925124-1,Genus
650,Phaeostemma,li,Phaeostemma,,,3595-1,Genus
651,Phellocalyx,sh/subsh/tr,Phellocalyx,,,35106-1,Genus
652,Pherotrichis,hb,Pherotrichis,,,30242827-2,Genus
653,Phialanthus,tr/sh,Phialanthus,,,35107-1,Genus
654,Phialiphora,subsh,Phialiphora,,,77109496-1,Genus
655,Philibertia,li/subsh,Philibertia,,,3599-1,Genus
656,Phuopsis,subsh,Phuopsis,,,35110-1,Genus
657,Phyllanthera,li,Phyllanthera,,,3600-1,Genus
658,Phyllis,subsh/sh,Phyllis,,,35113-1,Genus
659,Phyllocrater,subsh,Phyllocrater,,,35114-1,Genus
660,Phyllomelia,sh/subsh/tr,Phyllomelia,,,35115-1,Genus
661,Phyllopentas,sh/subsh,Phyllopentas,,,77086228-1,Genus
662,Phylohydrax,subsh,Phylohydrax,,,925007-1,Genus
663,Piaranthus,sc,Piaranthus,,,3603-1,Genus
664,Picardaea,sh/subsh/tr,Picardaea,,,295229-2,Genus
665,Picralima,tr,Picralima,,,2513-1,Genus
666,Pimentelia,sh/subsh/tr,Pimentelia,,,35119-1,Genus
667,Pinarophyllon,hb,Pinarophyllon,,,289383-2,Genus
668,Pinckneya,sh/subsh/tr,Pinckneya,,,35122-1,Genus
669,Pinochia,li,Pinochia,,,77084114-1,Genus
670,Pitardella,sh/subsh/tr,Pitardella,,,20012643-1,Genus
671,Pittoniotis,sh/subsh/tr,Pittoniotis,,,35127-1,Genus
672,Placocarpa,sh/subsh,Placocarpa,,,35128-1,Genus
673,Planaltina,subsh/sh,Planaltina,,,77113910-1,Genus
674,Platycarpum,tr/sh,Platycarpum,,,35136-1,Genus
675,Plectaneia,li,Plectaneia,,,2515-1,Genus
676,Plectroniella,sh/subsh/tr,Plectroniella,,,35139-1,Genus
677,Pleiocarpa,tr,Pleiocarpa,,,2516-1,Genus
678,Pleioceras,hb/subsh,Pleioceras,,,2517-1,Genus
679,Pleiocoryne,sh/subsh,Pleiocoryne,,,893568-1,Genus
680,Plocama,subsh,Plocama,,,35148-1,Genus
681,Plocaniophyllon,sh/subsh,Plocaniophyllon,,,289414-2,Genus
682,Plumeria,tr,Plumeria,,,30001863-2,Genus
683,Pogonopus,sh/tr,Pogonopus,,,35155-1,Genus
684,Polysphaeria,sh/subsh/tr,Polysphaeria,,,35164-1,Genus
685,Polystemma,li/subsh,Polystemma,,,30266778-2,Genus
686,Polyura,subsh,Polyura,,,35165-1,Genus
687,Pomax,hb/subsh,Pomax,,,35169-1,Genus
688,Porterandia,tr/sh,Porterandia,,,35172-1,Genus
689,Portlandia,sh/subsh/tr,Portlandia,,,329811-2,Genus
690,Posoqueria,sh/tr,Posoqueria,,,35176-1,Genus
691,Pottsia,li,Pottsia,,,2528-1,Genus
692,Pouchetia,sh/subsh/tr,Pouchetia,,,35180-1,Genus
693,Praravinia,tr/sh,Praravinia,,,35182-1,Genus
694,Prestonia,li,Prestonia,,,329000-2,Genus
695,Preussiodora,sh/subsh,Preussiodora,,,35185-1,Genus
696,Prismatomeris,sh/subsh/tr,Prismatomeris,,,327883-2,Genus
697,Pruskortizia,li,Pruskortizia,,,60473388-2,Genus
698,Pseudaidia,sh/subsh,Pseudaidia,,,925012-1,Genus
699,Pseudocoptosperma,sh/subsh,Pseudocoptosperma,,,77178886-1,Genus
700,Pseudogalium,hb,Pseudogalium,,,77194055-1,Genus
701,Pseudolachnostoma,hb/subsh,Pseudolachnostoma,,,77129406-1,Genus
702,Pseudolithos,sc,Pseudolithos,,,326033-2,Genus
703,Pseudomantalania,tr/sh,Pseudomantalania,,,35200-1,Genus
704,Pseudomiltemia,sh/subsh/tr,Pseudomiltemia,,,60435720-2,Genus
705,Pseudomussaenda,sh/subsh,Pseudomussaenda,,,35201-1,Genus
706,Pseudonesohedyotis,subsh/sh,Pseudonesohedyotis,,,35202-1,Genus
707,Pseudopyxis,hb/subsh,Pseudopyxis,,,35204-1,Genus
708,Psychotria,sh/tr/subsh,Psychotria,,,326020-2,Genus
709,Psydrax,sh/tr,Psydrax,,,35218-1,Genus
710,Psyllocarpus,subsh,Psyllocarpus,,,35219-1,Genus
711,Pteralyxia,tr/sh,Pteralyxia,,,2534-1,Genus
712,Pteridocalyx,sh/subsh,Pteridocalyx,,,295499-2,Genus
713,Ptycanthera,li/sh/subsh,Ptycanthera,,,3634-1,Genus
714,Pubistylus,sh/subsh/tr,Pubistylus,,,35226-1,Genus
715,Puffia,subsh,Puffia,,,77159275-1,Genus
716,Pycnobotrya,li,Pycnobotrya,,,2538-1,Genus
717,Pycnorhachis,li,Pycnorhachis,,,3639-1,Genus
718,Pygmaeothamnus,subsh,Pygmaeothamnus,,,35228-1,Genus
719,Pyrostria,sh,Pyrostria,,,35231-1,Genus
720,Quaqua,sc,Quaqua,,,3641-1,Genus
721,Rachicallis,sh/subsh,Rachicallis,,,35235-1,Genus
722,Ramonadoxa,hb/subsh/tr/sh,Ramonadoxa,,,77187961-1,Genus
723,Ramosmania,sh/subsh,Ramosmania,,,893224-1,Genus
724,Randia,sh/tr/li,Randia,,,30000647-2,Genus
725,Raphionacme,hb,Raphionacme,,,3644-1,Genus
726,Raritebe,sh,Raritebe,,,295610-2,Genus
727,Rauvolfia,tr,Rauvolfia,,,328992-2,Genus
728,Razafimandimbisonia,tr/sh,Razafimandimbisonia,,,77101368-1,Genus
729,Remijia,sh/tr,Remijia,,,35243-1,Genus
730,Rennellia,sh/subsh/tr,Rennellia,,,35244-1,Genus
731,Retiniphyllum,sh/subsh/tr,Retiniphyllum,,,35246-1,Genus
732,Rhabdadenia,li,Rhabdadenia,,,328984-2,Genus
733,Rhadinopus,sh/subsh/tr,Rhadinopus,,,35250-1,Genus
734,Rhaphidura,sh/subsh,Rhaphidura,,,35251-1,Genus
735,Rhazya,subsh,Rhazya,,,2547-1,Genus
736,Rhigospira,tr/sh,Rhigospira,,,2548-1,Genus
737,Rhipidantha,sh/subsh/tr,Pauridiantha,,,35073-1,Genus
738,Rhodopentas,sh/subsh,Rhodopentas,,,77086242-1,Genus
739,Rhyssolobium,subsh,Rhyssolobium,,,3656-1,Genus
740,Rhytidocaulon,sc,Rhytidocaulon,,,331908-2,Genus
741,Rhytidostemma,li,Rhytidostemma,,,77129431-1,Genus
742,Richardia,hb,Richardia,,,35260-1,Genus
743,Richtersveldia,sc,Richtersveldia,,,20009969-1,Genus
744,Ridsdalea,tr/sh,Ridsdalea,,,77160521-1,Genus
745,Riocreuxia,li/sh/subsh,Riocreuxia,,,3659-1,Genus
746,Riodocea,tr/sh,Riodocea,,,1007277-1,Genus
747,Robbrechtia,tr/sh,Robbrechtia,,,326326-2,Genus
748,Robynsia,sh/subsh/tr,Robynsia,,,331914-2,Genus
749,Rogiera,sh,Rogiera,,,30058569-2,Genus
750,Rojasia,li/subsh,Rojasia,,,296324-2,Genus
751,Ronabea,subsh/sh,Ronabea,,,35267-1,Genus
752,Rondeletia,sh,Rondeletia,,,329798-2,Genus
753,Rosenbergiodendron,sh/li,Rosenbergiodendron,,,296286-2,Genus
754,Rothmannia,sh/tr,Rothmannia,,,327884-2,Genus
755,Rovaeanthus,hb/subsh,Rovaeanthus,,,60435737-2,Genus
756,Rubia,hb,Rubia,,,35277-1,Genus
757,Rubovietnamia,sh/subsh,Rubovietnamia,,,1004952-1,Genus
758,Rudgea,sh/tr/subsh,Rudgea,,,330786-2,Genus
759,Ruehssia,li,Ruehssia,,,3664-1,Genus
760,Rustia,sh/tr,Rustia,,,35280-1,Genus
761,Rutidea,li/sh/subsh,Rutidea,,,35281-1,Genus
762,Rytigynia,sh/tr,Rytigynia,,,35283-1,Genus
763,Saba,li,Saba,,,2560-1,Genus
764,Sabicea,sh/li/subsh,Sabicea,,,30011202-2,Genus
765,Sacleuxia,sh/subsh,Sacleuxia,,,3667-1,Genus
766,Sacosperma,li/sh/subsh,Sacosperma,,,35286-1,Genus
767,Saldinia,sh/subsh,Saldinia,,,35290-1,Genus
768,Salzmannia,tr/sh,Salzmannia,,,35292-1,Genus
769,Saprosma,sh,Saprosma,,,35295-1,Genus
770,Sarcolobus,li,Sarcolobus,,,3671-1,Genus
771,Sarcorrhiza,li/hb/subsh,Sarcorrhiza,,,3673-1,Genus
772,Schismatoclada,sh/subsh/tr,Schismatoclada,,,35309-1,Genus
773,Schistonema,li,Schistonema,,,295677-2,Genus
774,Schizenterospermum,sh/subsh,Schizenterospermum,,,35311-1,Genus
775,Schizocalyx,sh/tr,Schizocalyx,,,331938-2,Genus
776,Schizocolea,sh/subsh/tr,Schizocolea,,,35313-1,Genus
777,Schizoglossum,hb,Schizoglossum,,,3680-1,Genus
778,Schizomussaenda,sh/subsh/tr,Schizomussaenda,,,35314-1,Genus
779,Schizostephanus,hb/subsh/sh,Schizostephanus,,,3683-1,Genus
780,Schizozygia,sh,Schizozygia,,,2563-1,Genus
781,Schlechterella,li/hb,Schlechterella,,,30105942-2,Genus
782,Schmidtottia,sh/subsh,Schmidtottia,,,30002570-2,Genus
783,Schradera,tr/li,Schradera,,,327888-2,Genus
784,Schubertia,li,Schubertia,,,331943-2,Genus
785,Schumanniophyton,tr,Schumanniophyton,,,35323-1,Genus
786,Schwendenera,subsh,Schwendenera,,,295686-2,Genus
787,Scleromitrion,hb,Scleromitrion,,,60445140-2,Genus
788,Scolosanthus,sh/subsh,Scolosanthus,,,35330-1,Genus
789,Scyphiphora,sh/subsh/tr,Scyphiphora,,,327890-2,Genus
790,Scyphostachys,sh/subsh/tr,Scyphostachys,,,35333-1,Genus
791,Scyphostelma,hb/subsh,Scyphostelma,,,295477-2,Genus
792,Secamone,li,Secamone,,,30167675-2,Genus
793,Secondatia,li,Secondatia,,,329003-2,Genus
794,Sericanthe,sh/subsh/tr,Sericanthe,,,35336-1,Genus
795,Serissa,subsh/sh,Serissa,,,35337-1,Genus
796,Seychellea,sh/subsh,Seychellea,,,77203853-1,Genus
797,Shaferocharis,sh/subsh,Shaferocharis,,,298108-2,Genus
798,Sherardia,hb,Sherardia,,,35341-1,Genus
799,Sherbournia,li,Sherbournia,,,35342-1,Genus
800,Siemensia,sh/subsh,Siemensia,,,296660-2,Genus
801,Simira,sh/tr,Simira,,,30018402-2,Genus
802,Sindechites,li,Sindechites,,,2568-1,Genus
803,Singaporandia,sh/subsh/tr,Singaporandia,,,77160553-1,Genus
804,Sinoadina,sh,Sinoadina,,,35354-1,Genus
805,Sipanea,subsh,Sipanea,,,35355-1,Genus
806,Sipaneopsis,subsh,Sipaneopsis,,,296664-2,Genus
807,Siphonandrium,li/sh/subsh,Siphonandrium,,,35360-1,Genus
808,Sisyranthus,hb,Sisyranthus,,,3697-1,Genus
809,Skytanthus,sh/subsh,Skytanthus,,,2570-1,Genus
810,Socotrella,sc,Socotrella,,,20008733-1,Genus
811,Solenandra,sh/tr,Solenandra,,,35363-1,Genus
812,Solenostemma,sh/subsh,Solenostemma,,,3701-1,Genus
813,Sommera,sh,Sommera,,,35365-1,Genus
814,Spermacoce,sh/subsh/li,Spermacoce,,,326325-2,Genus
815,Spermadictyon,sh/subsh,Spermadictyon,,,35371-1,Genus
816,Sphinctanthus,sh/subsh/tr,Sphinctanthus,,,35373-1,Genus
817,Spirolobium,sh/subsh,Spirolobium,,,331979-2,Genus
818,Spongiosperma,sh/subsh/tr,Spongiosperma,,,925320-1,Genus
819,Squamellaria,hb/subsh,Squamellaria,,,35379-1,Genus
820,Stachyarrhena,tr/sh,Stachyarrhena,,,35380-1,Genus
821,Staelia,subsh,Staelia,,,30051118-2,Genus
822,Staparesia,sc,× Staparesia,,,893240-1,Genus
823,Stapelia,sc,Stapelia,,,331981-2,Genus
824,Stapelianthus,sc,Stapelianthus,,,3713-1,Genus
825,Stapeliopsis,sc,Stapeliopsis,,,3714-1,Genus
826,Stapvalia,sc,× Stapvalia,,,77151926-1,Genus
827,Stathmostelma,hb,Stathmostelma,,,3717-1,Genus
828,Steenisia,subsh,Steenisia,,,35386-1,Genus
829,Stelmagonum,li/subsh,Stelmagonum,,,296618-2,Genus
830,Stenaria,hb,Stenaria,,,20001881-1,Genus
831,Stenosepala,sh/subsh/tr,Stenosepala,,,1018382-1,Genus
832,Stenostelma,hb,Stenostelma,,,3725-1,Genus
833,Stenostomum,tr,Stenostomum,,,35392-1,Genus
834,Stenotis,subsh,Stenotis,,,30395888-2,Genus
835,Stephanococcus,li,Stephanococcus,,,35394-1,Genus
836,Stephanostegia,tr/sh,Stephanostegia,,,2577-1,Genus
837,Stephanostema,sh/subsh,Stephanostema,,,2578-1,Genus
838,Stephanotis,li,Stephanotis,,,30089192-2,Genus
839,Stevensia,sh/subsh,Stevensia,,,30139760-2,Genus
840,Steyermarkia,hb/subsh,Steyermarkia,,,296546-2,Genus
841,Stichianthus,sh/subsh,Stichianthus,,,35399-1,Genus
842,Stigmatorhynchus,subsh/sh,Stigmatorhynchus,,,3729-1,Genus
843,Stilpnophyllum,tr/sh,Stilpnophyllum,,,35403-1,Genus
844,Stipecoma,li,Stipecoma,,,2579-1,Genus
845,Stipularia,subsh/sh,Stipularia,,,35404-1,Genus
846,Stomatostemma,li/hb,Stomatostemma,,,3732-1,Genus
847,Streblosa,subsh,Streblosa,,,327891-2,Genus
848,Strempeliopsis,sh/subsh,Strempeliopsis,,,2580-1,Genus
849,Streptocaulon,li,Streptocaulon,,,3733-1,Genus
850,Streptoechites,li,Streptoechites,,,77124831-1,Genus
851,Strophanthus,sh/li,Strophanthus,,,2582-1,Genus
852,Strumpfia,subsh/sh,Strumpfia,,,35412-1,Genus
853,Stylosiphonia,sh/subsh,Stylosiphonia,,,35416-1,Genus
854,Suberanthus,sh/subsh/tr,Suberanthus,,,893242-1,Genus
855,Synaptantha,hb,Synaptantha,,,35422-1,Genus
856,Syringantha,sh/subsh,Syringantha,,,297636-2,Genus
857,Tabernaemontana,tr,Tabernaemontana,,,328993-2,Genus
858,Tabernanthe,sh/subsh,Tabernanthe,,,983-1,Genus
859,Tacazzea,li,Tacazzea,,,3745-1,Genus
860,Tainus,sh/subsh/tr,Tainus,,,77175144-1,Genus
861,Tamilnadia,tr,Tamilnadia,,,35428-1,Genus
862,Tammsia,sh/subsh/tr,Tammsia,,,331997-2,Genus
863,Tamridaea,sh/subsh,Tamridaea,,,1001591-1,Genus
864,Tarenna,sh/tr,Tarenna,,,327893-2,Genus
865,Tarennoidea,tr/sh,Tarennoidea,,,327894-2,Genus
866,Tassadia,li,Tassadia,,,30040639-2,Genus
867,Tavaresia,sc,Tavaresia,,,3751-1,Genus
868,Telectadium,sh/subsh,Telectadium,,,3752-1,Genus
869,Telosma,li/sh/subsh,Telosma,,,3755-1,Genus
870,Temnadenia,li,Temnadenia,,,329004-2,Genus
871,Temnocalyx,sh/subsh/tr,Temnocalyx,,,35442-1,Genus
872,Tennantia,sh/subsh,Tennantia,,,893109-1,Genus
873,Tessiera,subsh,Tessiera,,,35448-1,Genus
874,Thamnoldenlandia,sh/subsh,Thamnoldenlandia,,,77107063-1,Genus
875,Theligonum,subsh,Theligonum,,,41017-1,Genus
876,Thenardia,li,Thenardia,,,2594-1,Genus
877,Thevetia,sh/subsh,Thevetia,,,332011-2,Genus
878,Thiollierea,sh/subsh,Thiollierea,,,35459-1,Genus
879,Thogsennia,tr/sh,Thogsennia,,,298615-2,Genus
880,Thoreauea,li,Thoreauea,,,326443-2,Genus
881,Thyrsanthella,li,Thyrsanthella,,,2599-1,Genus
882,Timonius,sh,Timonius,,,332019-2,Genus
883,Tinadendron,tr,Tinadendron,,,77075408-1,Genus
884,Tintinnabularia,li,Tintinnabularia,,,289330-2,Genus
885,Tobagoa,subsh/sh,Tobagoa,,,289333-2,Genus
886,Tocoyena,sh/subsh/tr,Tocoyena,,,35467-1,Genus
887,Tortuella,subsh,Tortuella,,,289340-2,Genus
888,Toxocarpus,li,Toxocarpus,,,3761-1,Genus
889,Trachelospermum,li,Trachelospermum,,,2604-1,Genus
890,Trailliaedoxa,subsh,Trailliaedoxa,,,35472-1,Genus
891,Treutlera,li/sh/subsh,Treutlera,,,3764-1,Genus
892,Triainolepis,sh/subsh,Triainolepis,,,35475-1,Genus
893,Tricalysia,sh/subsh/tr,Tricalysia,,,325987-2,Genus
894,Trichosandra,li,Trichosandra,,,3768-1,Genus
895,Trichostachys,subsh,Trichostachys,,,332030-2,Genus
896,Tridentapelia,sc,× Tridentapelia,,,60435744-2,Genus
897,Tridentea,sc,Tridentea,,,3770-1,Genus
898,Triflorensia,sh/subsh/tr,Triflorensia,,,60442357-2,Genus
899,Tromotriche,sc,Tromotriche,,,3774-1,Genus
900,Tulearia,subsh/sh,Tulearia,,,77178890-1,Genus
901,Tweedia,subsh,Tweedia,,,3777-1,Genus
902,Tylodontia,li/sh/subsh,Tylodontia,,,3778-1,Genus
903,Uncaria,li,Uncaria,,,327895-2,Genus
904,Urceola,li,Urceola,,,332043-2,Genus
905,Urophyllum,sh,Urophyllum,,,327899-2,Genus
906,Vahadenia,li,Vahadenia,,,2613-1,Genus
907,Vailia,li,Vailia,,,3785-1,Genus
908,Valantia,hb,Valantia,,,30049225-2,Genus
909,Vallaris,li,Vallaris,,,2616-1,Genus
910,Vallesia,sh,Vallesia,,,2617-1,Genus
911,Vangueria,sh/subsh/tr,Vangueria,,,35502-1,Genus
912,Vangueriella,sh/subsh/tr,Vangueriella,,,925313-1,Genus
913,Vangueriopsis,sh/subsh/tr,Vangueriopsis,,,35503-1,Genus
914,Vidalasia,tr/sh,Vidalasia,,,1004946-1,Genus
915,Villaria,sh/subsh/tr,Villaria,,,332050-2,Genus
916,Vinca,hb/subsh,Vinca,,,2619-1,Genus
917,Vincetoxicum,li,Vincetoxicum,,,30010004-2,Genus
918,Virectaria,hb/subsh,Virectaria,,,35514-1,Genus
919,Voacanga,tr,Voacanga,,,2620-1,Genus
920,Wandersong,sh/subsh/tr,Wandersong,,,77148157-1,Genus
921,Warszewiczia,tr/sh,Warszewiczia,,,35525-1,Genus
922,Wattakaka,li,Wattakaka,,,3796-1,Genus
923,Wendlandia,sh/tr,Wendlandia,,,327901-2,Genus
924,White-sloanea,sc,White-sloanea,,,3797-1,Genus
925,Willughbeia,li,Willughbeia,,,332064-2,Genus
926,Wittmackanthus,sh,Wittmackanthus,,,289055-2,Genus
927,Woodia,hb,Woodia,,,3799-1,Genus
928,Wrightia,tr,Wrightia,,,60443770-2,Genus
929,Xanthophytum,subsh,Xanthophytum,,,35539-1,Genus
930,Xantonneopsis,sh/subsh/tr,Xantonneopsis,,,35541-1,Genus
931,Xysmalobium,hb,Xysmalobium,,,3801-1,Genus
932,Zuccarinia,tr/sh,Zuccarinia,,,332077-2,Genus
933,Zygostelma,li,Zygostelma,,,3808-1,Genus
