,wiki_Snippet,Source,Accepted_Name,Accepted_Species,Accepted_Species_ID,Accepted_ID,Accepted_Rank
0,Allium spp.,en_wiki,Allium,,,30000901-2,Genus
1,Asparagus officinalis,en_wiki:fr_wiki,Asparagus officinalis,Asparagus officinalis,531229-1,531229-1,Species
2,Citrus limon,en_wiki,Citrus × limon,Citrus × limon,60454758-2,60454758-2,Species
3,Lathyrus sativus,en_wiki,Lathyrus sativus,Lathyrus sativus,501990-1,501990-1,Species
4,Malus domestica,en_wiki:bn_wiki,Malus domestica,Malus domestica,726282-1,726282-1,Species
5,Mangifera indica,en_wiki,Mangifera indica,Mangifera indica,69913-1,69913-1,Species
6,Manihot esculenta,en_wiki:fr_wiki,Manihot esculenta,Manihot esculenta,351790-1,351790-1,Species
7,Myristica fragrans,en_wiki,Myristica fragrans,Myristica fragrans,586076-1,586076-1,Species
8,Phaseolus lunatus,en_wiki,Phaseolus lunatus,Phaseolus lunatus,513918-1,513918-1,Species
9,Phaseolus vulgaris,en_wiki:de_wiki:hr_wiki,Phaseolus vulgaris,Phaseolus vulgaris,514191-1,514191-1,Species
10,Prunus cerasus,en_wiki,Prunus cerasus,Prunus cerasus,729574-1,729574-1,Species
11,Rheum rhaponticum,en_wiki,Rheum rhaponticum,Rheum rhaponticum,696786-1,696786-1,Species
12,Solanum lycopersicum,en_wiki:de_wiki:fr_wiki:hr_wiki,Solanum lycopersicum,Solanum lycopersicum,316947-2,316947-2,Species
13,Solanum tuberosum,en_wiki:de_wiki:fr_wiki:hr_wiki,Solanum tuberosum,Solanum tuberosum,821337-1,821337-1,Species
14,Vitis spp.,en_wiki,Vitis,,,325876-2,Genus
15,Abrus precatorius,en_wiki:bn_wiki:fr_wiki,Abrus precatorius,Abrus precatorius,469605-1,469605-1,Species
16,Aconitum spp.,en_wiki,Aconitum,,,326013-2,Genus
17,Actaea pachypoda,en_wiki,Actaea pachypoda,Actaea pachypoda,330907-2,330907-2,Species
18,Adenium obesum,en_wiki,Adenium obesum,Adenium obesum,76369-1,76369-1,Species
19,Adonis vernalis,en_wiki:fr_wiki:hu_wiki,Adonis vernalis,Adonis vernalis,305359-2,305359-2,Species
20,Aesculus hippocastanum,en_wiki:fr_wiki:hu_wiki,Aesculus hippocastanum,Aesculus hippocastanum,781594-1,781594-1,Species
21,Agave spp.,en_wiki,Agave,,,325900-2,Genus
22,Ageratina altissima,en_wiki,Ageratina altissima,Ageratina altissima,6815-2,6815-2,Species
23,Agrostemma githago,en_wiki:fr_wiki:hu_wiki,Agrostemma githago,Agrostemma githago,150316-1,150316-1,Species
24,Anemone nemorosa,en_wiki:fr_wiki,Anemonoides altaica,Anemonoides altaica,708736-1,708736-1,Species
25,Anthurium spp.,en_wiki,Anthurium,,,329747-2,Genus
26,Aquilegia spp.,en_wiki,Aquilegia,,,325954-2,Genus
27,Areca catechu,en_wiki,Areca catechu,Areca catechu,664107-1,664107-1,Species
28,Argemone mexicana,en_wiki,Argemone mexicana,Argemone mexicana,18816-2,18816-2,Species
29,Arnica montana,en_wiki:fr_wiki,Arnica montana,Arnica montana,30090722-2,30090722-2,Species
30,Arum maculatum,en_wiki:fr_wiki:hu_wiki,Arum maculatum,Arum maculatum,86067-1,86067-1,Species
31,Atropa belladonna,en_wiki:de_wiki:fr_wiki:hr_wiki:hu_wiki,Atropa bella-donna,Atropa bella-donna,814358-1,814358-1,Species
32,Brugmansia spp.,en_wiki:de_wiki:hr_wiki,Brugmansia,,,38303-1,Genus
33,Caladium spp.,en_wiki,Caladium,,,30005919-2,Genus
34,Calla palustris,en_wiki:fr_wiki,Calla palustris,Calla palustris,86508-1,86508-1,Species
35,Caltha palustris,en_wiki,Caltha palustris,Caltha palustris,42867-2,42867-2,Species
36,Cascabela thevetia,en_wiki:fr_wiki,Cascabela thevetia,Cascabela thevetia,47927-2,47927-2,Species
37,Cephalanthus occidentalis,en_wiki,Cephalanthus occidentalis,Cephalanthus occidentalis,319140-2,319140-2,Species
38,Cerbera odollam,en_wiki:fr_wiki,Cerbera odollam,Cerbera odollam,77913-1,77913-1,Species
39,Chelidonium majus,en_wiki:fr_wiki,Chelidonium majus,Chelidonium majus,303589-2,303589-2,Species
40,Cicuta spp.,en_wiki,Cicuta,,,39823-1,Genus
41,Cleistanthus collinus,en_wiki,Cleistanthus collinus,Cleistanthus collinus,341327-1,341327-1,Species
42,Clivia miniata,en_wiki:fr_wiki,Clivia miniata,Clivia miniata,994513-1,994513-1,Species
43,Codiaeum variegatum,en_wiki:hu_wiki,Codiaeum variegatum,Codiaeum variegatum,85073-3,85073-3,Species
44,Colchicum autumnale,en_wiki:de_wiki:fr_wiki:hr_wiki:hu_wiki,Colchicum autumnale,Colchicum autumnale,533232-1,533232-1,Species
45,Conium maculatum,en_wiki:de_wiki:fr_wiki:hr_wiki:hu_wiki,Conium maculatum,Conium maculatum,840668-1,840668-1,Species
46,Consolida spp.,en_wiki,,,,,
47,Convallaria majalis,en_wiki:de_wiki:fr_wiki:hr_wiki:hu_wiki,Convallaria majalis,Convallaria majalis,533487-1,533487-1,Species
48,Coriaria myrtifolia,en_wiki:fr_wiki,Coriaria myrtifolia,Coriaria myrtifolia,271361-1,271361-1,Species
49,Cytisus scoparius,en_wiki:fr_wiki,Cytisus scoparius,Cytisus scoparius,489963-1,489963-1,Species
50,Daphne spp.,en_wiki,Daphne,,,30024583-2,Genus
51,Datura spp.,en_wiki,Datura,,,30002853-2,Genus
52,Daucus carota,en_wiki,Daucus carota,Daucus carota,841063-1,841063-1,Species
53,Deathcamas,en_wiki,,,,,
54,Delphinium spp.,en_wiki,Delphinium,,,328251-2,Genus
55,Dendrocnide moroides,en_wiki,Dendrocnide moroides,Dendrocnide moroides,851456-1,851456-1,Species
56,Dicentra cucullaria,en_wiki,Dicentra cucullaria,Dicentra cucullaria,672639-1,672639-1,Species
57,Dichapetalum cymosum,en_wiki,Dichapetalum cymosum,Dichapetalum cymosum,163194-1,163194-1,Species
58,Dieffenbachia spp.,en_wiki:de_wiki:hr_wiki,Dieffenbachia,,,30002878-2,Genus
59,Digitalis purpurea,en_wiki:de_wiki:fr_wiki:hr_wiki:hu_wiki,Digitalis purpurea,Digitalis purpurea,802077-1,802077-1,Species
60,Dioscorea communis,en_wiki:fr_wiki,Dioscorea communis,Dioscorea communis,20005752-1,20005752-1,Species
61,Duranta erecta,en_wiki,Duranta erecta,Duranta erecta,330606-2,330606-2,Species
62,Erysimum cheiri,en_wiki:de_wiki:hr_wiki,Erysimum × cheiri,Erysimum × cheiri,283703-1,283703-1,Species
63,Euonymus europaeus,en_wiki:de_wiki:fr_wiki:hr_wiki,Euonymus europaeus,Euonymus europaeus,160876-1,160876-1,Species
64,Euphorbia pulcherrima,en_wiki:de_wiki:hr_wiki:hu_wiki,Euphorbia pulcherrima,Euphorbia pulcherrima,30176564-2,30176564-2,Species
65,Excoecaria agallocha,en_wiki,Excoecaria agallocha,Excoecaria agallocha,348815-1,348815-1,Species
66,Galanthus nivalis,en_wiki:fr_wiki,Galanthus nivalis,Galanthus nivalis,64496-1,64496-1,Species
67,Gelsemium sempervirens,en_wiki,Gelsemium sempervirens,Gelsemium sempervirens,60448812-2,60448812-2,Species
68,Gloriosa superba,en_wiki:de_wiki:hr_wiki,Gloriosa superba,Gloriosa superba,535953-1,535953-1,Species
69,Grevillea spp.,en_wiki,Grevillea,,,331633-2,Genus
70,Hedera helix,en_wiki:de_wiki:fr_wiki:hr_wiki,Hedera helix,Hedera helix,90723-1,90723-1,Species
71,Heliotropium indicum,en_wiki,Heliotropium indicum,Heliotropium indicum,116938-1,116938-1,Species
72,Helleborus niger,en_wiki:de_wiki:fr_wiki:hr_wiki,Helleborus niger,Helleborus niger,711348-1,711348-1,Species
73,Heracleum mantegazzianum,en_wiki:de_wiki:fr_wiki,Heracleum mantegazzianum,Heracleum mantegazzianum,843084-1,843084-1,Species
74,Heracleum sosnowskyi,en_wiki,Heracleum sosnowskyi,Heracleum sosnowskyi,843172-1,843172-1,Species
75,Hippomane mancinella,en_wiki:fr_wiki,Hippomane mancinella,Hippomane mancinella,349995-1,349995-1,Species
76,Hyacinthus orientalis,en_wiki:de_wiki:hr_wiki,Hyacinthus orientalis,Hyacinthus orientalis,536789-1,536789-1,Species
77,Hydrangea spp.,en_wiki,Hydrangea,,,30010546-2,Genus
78,Hyoscyamus niger,en_wiki:de_wiki:fr_wiki:hr_wiki:hu_wiki,Hyoscyamus niger,Hyoscyamus niger,815932-1,815932-1,Species
79,Ilex aquifolium,en_wiki:fr_wiki,Ilex aquifolium,Ilex aquifolium,83051-1,83051-1,Species
80,Iris sibirica,en_wiki,Iris sibirica,Iris sibirica,439087-1,439087-1,Species
81,Jacobaea vulgaris,en_wiki,Jacobaea vulgaris,Jacobaea vulgaris,226649-1,226649-1,Species
82,Kalanchoe delagoensis,en_wiki,Kalanchoe delagoensis,Kalanchoe delagoensis,274320-1,274320-1,Species
83,Kalmia latifolia,en_wiki,Kalmia latifolia,Kalmia latifolia,279164-2,279164-2,Species
84,Laburnum spp.,en_wiki,Laburnum,,,22728-1,Genus
85,Lamprocapnos spectabilis,en_wiki:de_wiki:hr_wiki,Lamprocapnos spectabilis,Lamprocapnos spectabilis,995841-1,995841-1,Species
86,Lantana camara,en_wiki,Lantana camara,Lantana camara,325686-2,325686-2,Species
87,Ligustrum spp.,en_wiki,Ligustrum,,,328108-2,Genus
88,Lilium spp.,en_wiki,Lilium,,,30009317-2,Genus
89,Lolium temulentum,en_wiki:fr_wiki,Lolium temulentum,Lolium temulentum,407516-1,407516-1,Species
90,Lupinus spp.,en_wiki,Lupinus,,,60436956-2,Genus
91,Malus florentina,en_wiki,Eriolobus florentinus,Eriolobus florentinus,724828-1,724828-1,Species
92,Mandragora officinarum,en_wiki:fr_wiki,Mandragora officinarum,Mandragora officinarum,816733-1,816733-1,Species
93,Melia azedarach,en_wiki,Melia azedarach,Melia azedarach,578949-1,578949-1,Species
94,Melianthus major,en_wiki,Melianthus major,Melianthus major,783659-1,783659-1,Species
95,Menispermum spp.,en_wiki,Menispermum,,,26970-1,Genus
96,Mentha pulegium,en_wiki,Mentha pulegium,Mentha pulegium,451022-1,451022-1,Species
97,Narcissus spp.,en_wiki,Narcissus,,,1558-1,Genus
98,Nerium oleander,en_wiki:de_wiki:fr_wiki:hr_wiki:hu_wiki,Nerium oleander,Nerium oleander,80460-1,80460-1,Species
99,Nicandra physalodes,en_wiki,Nicandra physalodes,Nicandra physalodes,816832-1,816832-1,Species
100,Nicotiana glauca,en_wiki:fr_wiki,Nicotiana glauca,Nicotiana glauca,816941-1,816941-1,Species
101,Oenanthe crocata,en_wiki:fr_wiki,Oenanthe crocata,Oenanthe crocata,845253-1,845253-1,Species
102,Paris quadrifolia,en_wiki:de_wiki:fr_wiki:hr_wiki,Paris quadrifolia,Paris quadrifolia,539724-1,539724-1,Species
103,Passiflora caerulea,en_wiki,Passiflora caerulea,Passiflora caerulea,321949-2,321949-2,Species
104,Peucedanum galbanum,en_wiki,,,,,
105,Phoradendron spp.,en_wiki,Phoradendron,,,329774-2,Genus
106,Physostigma venenosum,en_wiki:fr_wiki,Physostigma venenosum,Physostigma venenosum,514320-1,514320-1,Species
107,Phytolacca spp.,en_wiki,Phytolacca,,,327321-2,Genus
108,Pieris japonica,en_wiki,Pieris japonica,Pieris japonica,331662-1,331662-1,Species
109,Plumeria spp.,en_wiki,Plumeria,,,30001863-2,Genus
110,Podophyllum peltatum,en_wiki,Podophyllum peltatum,Podophyllum peltatum,107599-1,107599-1,Species
111,Prunus laurocerasus,en_wiki:de_wiki:fr_wiki:hr_wiki:hu_wiki,Prunus laurocerasus,Prunus laurocerasus,324745-2,324745-2,Species
112,Prunus padus,en_wiki,Prunus padus,Prunus padus,730076-1,730076-1,Species
113,Pteridium aquilinum,en_wiki:de_wiki:hr_wiki,Pteridium aquilinum,Pteridium aquilinum,17210060-1,17210060-1,Species
114,Pulsatilla cernua,en_wiki,Pulsatilla cernua,Pulsatilla cernua,711959-1,711959-1,Species
115,Quercus spp.,en_wiki,Quercus,,,325819-2,Genus
116,Rhamnus cathartica,en_wiki:fr_wiki,Rhamnus cathartica,Rhamnus cathartica,718256-1,718256-1,Species
117,Rhododendron spp.,en_wiki:de_wiki:hr_wiki,Rhododendron,,,327085-2,Genus
118,Rhododendron ferrugineum,en_wiki,Rhododendron ferrugineum,Rhododendron ferrugineum,332420-1,332420-1,Species
119,Rhododendron luteum,en_wiki,Rhododendron luteum,Rhododendron luteum,332817-1,332817-1,Species
120,Rhododendron tomentosum,en_wiki,Rhododendron tomentosum,Rhododendron tomentosum,961622-1,961622-1,Species
121,Rhus spp.,en_wiki,Rhus,,,30005665-2,Genus
122,Ricinus communis,en_wiki:de_wiki:fr_wiki:hr_wiki:hu_wiki,Ricinus communis,Ricinus communis,355498-1,355498-1,Species
123,Robinia spp.,en_wiki:de_wiki:hr_wiki,Robinia,,,30003889-2,Genus
124,Sambucus spp.,en_wiki:de_wiki:hr_wiki,Sambucus,,,30018446-2,Genus
125,Sanguinaria canadensis,en_wiki,Sanguinaria canadensis,Sanguinaria canadensis,673993-1,673993-1,Species
126,Scopolia carniolica,en_wiki,Scopolia carniolica,Scopolia carniolica,817996-1,817996-1,Species
127,Solanum dulcamara,en_wiki:de_wiki:fr_wiki:hr_wiki:hu_wiki,Solanum dulcamara,Solanum dulcamara,285213-2,285213-2,Species
128,Solanum nigrum,en_wiki:de_wiki:fr_wiki:hr_wiki:hu_wiki,Solanum nigrum,Solanum nigrum,30048260-2,30048260-2,Species
129,Solanum pseudocapsicum,en_wiki:de_wiki:fr_wiki,Solanum pseudocapsicum,Solanum pseudocapsicum,316948-2,316948-2,Species
130,Sophora secundiflora,en_wiki,Dermatophyllum secundiflorum,Dermatophyllum secundiflorum,77116898-1,77116898-1,Species
131,Strophanthus gratus,en_wiki,Strophanthus gratus,Strophanthus gratus,81895-1,81895-1,Species
132,Strychnos nux-vomica,en_wiki:de_wiki:fr_wiki:hr_wiki,Strychnos nux-vomica,Strychnos nux-vomica,547371-1,547371-1,Species
133,Taxus baccata,en_wiki:de_wiki:fr_wiki:hr_wiki:hu_wiki,Taxus baccata,Taxus baccata,306036-2,306036-2,Species
134,Toxicodendron spp.,en_wiki,Toxicodendron,,,30002515-2,Genus
135,Urtica ferox,en_wiki:de_wiki:hr_wiki,Urtica ferox,Urtica ferox,857569-1,857569-1,Species
136,Veratrum spp.,en_wiki,Veratrum,,,325946-2,Genus
137,Vernicia fordii,en_wiki,Vernicia fordii,Vernicia fordii,358198-1,358198-1,Species
138,Viscum spp.,en_wiki,Viscum,,,30000304-2,Genus
139,Voacanga africana,en_wiki,Voacanga africana,Voacanga africana,82719-1,82719-1,Species
140,Wisteria sinensis,en_wiki:de_wiki:fr_wiki:hr_wiki:hu_wiki,Wisteria sinensis,Wisteria sinensis,60459148-2,60459148-2,Species
141,Xanthium spp.,en_wiki,Xanthium,,,11557-1,Genus
142,Zantedeschia aethiopica,en_wiki:fr_wiki,Zantedeschia aethiopica,Zantedeschia aethiopica,89403-1,89403-1,Species
143,Zigadenus glaberrimus,en_wiki,Zigadenus glaberrimus,Zigadenus glaberrimus,322177-2,322177-2,Species
144,Tragia involucrata,bn_wiki,Tragia involucrata,Tragia involucrata,357775-1,357775-1,Species
145,Argemone Mexicana,bn_wiki,,,,,
146,Barringtonia acutangula,bn_wiki,Barringtonia acutangula,Barringtonia acutangula,591177-1,591177-1,Species
147,"Calotropis gigantea, C. procera",bn_wiki,Calotropis gigantea,Calotropis gigantea,95173-1,95173-1,Species
148,Cuscuta Reflexa,bn_wiki,,,,,
149,Plumbago zeylanica,bn_wiki,Plumbago zeylanica,Plumbago zeylanica,687109-1,687109-1,Species
150,Nerium indicum,bn_wiki,Nerium oleander,Nerium oleander,80460-1,80460-1,Species
151,Tabernaemontana divaricata,bn_wiki,Tabernaemontana divaricata,Tabernaemontana divaricata,82097-1,82097-1,Species
152,Thevetia peruviana,bn_wiki:de_wiki,Cascabela thevetia,Cascabela thevetia,47927-2,47927-2,Species
153,Dutura metel,bn_wiki,,,,,
154,Skočec obecný,cs_wiki,,,,,
155,Rulík zlomocný,cs_wiki,,,,,
156,Soterek obecný,cs_wiki,,,,,
157,Cicuta maculata,cs_wiki:fr_wiki,Cicuta maculata,Cicuta maculata,58605-2,58605-2,Species
158,Oleandr obecný,cs_wiki,,,,,
159,Bolehlav plamatý,cs_wiki,,,,,
160,Durman obecný,cs_wiki,,,,,
161,Ocún jesenní,cs_wiki,,,,,
162,Oměj šalamounek,cs_wiki,,,,,
163,Náprstník červený,cs_wiki,,,,,
164,Tis červený,cs_wiki,,,,,
165,Aconitum napellus,de_wiki:hr_wiki,Aconitum napellus,Aconitum napellus,707615-1,707615-1,Species
166,Aethusa cynapium,de_wiki:fr_wiki:hr_wiki:hu_wiki,Aethusa cynapium,Aethusa cynapium,837341-1,837341-1,Species
167,Arum spp.,de_wiki:hr_wiki,Arum,,,328149-2,Genus
168,Brunfelsia pauciflora,de_wiki:fr_wiki:hr_wiki,Brunfelsia pauciflora,Brunfelsia pauciflora,814676-1,814676-1,Species
169,Buxus sempervirens,de_wiki:fr_wiki:hr_wiki,Buxus sempervirens,Buxus sempervirens,340317-1,340317-1,Species
170,Chaerophyllum temulum,de_wiki:hr_wiki,Chaerophyllum temulum,Chaerophyllum temulum,840275-1,840275-1,Species
171,Cicuta virosa,de_wiki:fr_wiki:hr_wiki:hu_wiki,Cicuta virosa,Cicuta virosa,840414-1,840414-1,Species
172,Conium spp.,de_wiki:hr_wiki,Conium,,,39839-1,Genus
173,Cyclamen spp.,de_wiki:hr_wiki,Cyclamen,,,32774-1,Genus
174,Daphne mezereum,de_wiki:hr_wiki:hu_wiki,Daphne mezereum,Daphne mezereum,831294-1,831294-1,Species
175,Datura stramonium,de_wiki:fr_wiki:hr_wiki,Datura stramonium,Datura stramonium,314738-2,314738-2,Species
176,Delphinium elatum,de_wiki:hr_wiki,Delphinium elatum,Delphinium elatum,710585-1,710585-1,Species
177,Dryopteris spp.,de_wiki:hr_wiki,Dryopteris,,,326002-2,Genus
178,Eschscholzia californica,de_wiki:hr_wiki,Eschscholzia californica,Eschscholzia californica,30043364-2,30043364-2,Species
179,Ficus elastica,de_wiki:hr_wiki:hu_wiki,Ficus elastica,Ficus elastica,60458499-2,60458499-2,Species
180,Helleborus foetidus,de_wiki:fr_wiki:hr_wiki,Helleborus foetidus,Helleborus foetidus,711317-1,711317-1,Species
181,Ilex spp.,de_wiki:hr_wiki,Ilex,,,60437220-2,Genus
182,Iris spp.,de_wiki:hr_wiki,Iris,,,326330-2,Genus
183,Laburnum anagyroides,de_wiki:fr_wiki:hr_wiki:hu_wiki,Laburnum anagyroides,Laburnum anagyroides,501428-1,501428-1,Species
184,Nicotiana rustica,de_wiki,Nicotiana rustica,Nicotiana rustica,817055-1,817055-1,Species
185,Nicotiana tabacum,de_wiki:fr_wiki:hr_wiki:hu_wiki,Nicotiana tabacum,Nicotiana tabacum,817077-1,817077-1,Species
186,Prunus armeniaca,de_wiki:hr_wiki,Prunus armeniaca,Prunus armeniaca,729463-1,729463-1,Species
187,Ranunculus spp.,de_wiki:hr_wiki,Ranunculus,,,30002060-2,Genus
188,Rheum rhabarbarum,de_wiki:hr_wiki,Rheum rhabarbarum,Rheum rhabarbarum,301818-2,301818-2,Species
189,Solanum melongena,de_wiki:hr_wiki,Solanum melongena,Solanum melongena,820053-1,820053-1,Species
190,Strychnos ignatii,de_wiki:hr_wiki,Strychnos ignatii,Strychnos ignatii,547242-1,547242-1,Species
191,Tanacetum (Chrysanthemum) vulgare,de_wiki,,,,,
192,Thuja,de_wiki,Thuja,,,30076319-2,Genus
193,Veratrum album,de_wiki:fr_wiki:hr_wiki:hu_wiki,Veratrum album,Veratrum album,30192264-2,30192264-2,Species
194,Aconitum ferox,fr_wiki,Aconitum ferox,Aconitum ferox,707352-1,707352-1,Species
195,Aconitum napellus subsp. napellus,fr_wiki,Aconitum napellus subsp. napellus,Aconitum napellus,707615-1,51020791-1,Subspecies
196,Aconitum lycoctonum,fr_wiki:hr_wiki,Aconitum lycoctonum,Aconitum lycoctonum,707564-1,707564-1,Species
197,Actaea spicata,fr_wiki,Actaea spicata,Actaea spicata,303913-2,303913-2,Species
198,Alocasia amazonica,fr_wiki,,,,,
199,Ambrosia artemisiifolia,fr_wiki,Ambrosia artemisiifolia,Ambrosia artemisiifolia,176058-1,176058-1,Species
200,Andromeda polifolia,fr_wiki,Andromeda polifolia,Andromeda polifolia,30021967-2,30021967-2,Species
201,Anemone pulsatilla,fr_wiki,Pulsatilla montana,Pulsatilla montana,712012-1,712012-1,Species
202,Anthurium,fr_wiki,Anthurium,,,329747-2,Genus
203,Aristolochia clematitis,fr_wiki:hu_wiki,Aristolochia clematitis,Aristolochia clematitis,92841-1,92841-1,Species
204,Arum italicum,fr_wiki,Arum italicum,Arum italicum,86047-1,86047-1,Species
205,Aucuba japonica,fr_wiki,Aucuba japonica,Aucuba japonica,271451-1,271451-1,Species
206,Azadirachta indica,fr_wiki,Azadirachta indica,Azadirachta indica,1213180-2,1213180-2,Species
207,Berberis,fr_wiki,Berberis,,,328526-2,Genus
208,Bowiea volubilis,fr_wiki,Bowiea volubilis,Bowiea volubilis,531999-1,531999-1,Species
209,Bryonia alba,fr_wiki:hu_wiki,Bryonia alba,Bryonia alba,291541-1,291541-1,Species
210,Bryonia dioica,fr_wiki,Bryonia alba,Bryonia alba,291541-1,291541-1,Species
211,Caladium,fr_wiki,Caladium,,,30005919-2,Genus
212,Calotropis procera,fr_wiki,Calotropis procera,Calotropis procera,1004515-2,1004515-2,Species
213,Cannabis indica et sativa,fr_wiki,Cannabis sativa,Cannabis sativa,306087-2,306087-2,Species
214,Carapichea ipecacuanha,fr_wiki,Carapichea ipecacuanha,Carapichea ipecacuanha,1214950-2,1214950-2,Species
215,Carlina gummifera,fr_wiki,Chamaeleon gummifer,Chamaeleon gummifer,192416-1,192416-1,Species
216,Catharanthus roseus,fr_wiki,Catharanthus roseus,Catharanthus roseus,77880-1,77880-1,Species
217,Cephaelis acuminata,fr_wiki,Carapichea ipecacuanha,Carapichea ipecacuanha,1214950-2,1214950-2,Species
218,Cerbera manghas,fr_wiki,Cerbera manghas,Cerbera manghas,77906-1,77906-1,Species
219,Cinnamomum camphora,fr_wiki,Cinnamomum camphora,Cinnamomum camphora,463336-1,463336-1,Species
220,Citrullus colocynthis,fr_wiki,Citrullus colocynthis,Citrullus colocynthis,291930-1,291930-1,Species
221,Clematis vitalba,fr_wiki,Clematis vitalba,Clematis vitalba,319145-2,319145-2,Species
222,Coriaria japonica,fr_wiki,Coriaria japonica,Coriaria japonica,271356-1,271356-1,Species
223,Cornus sanguinea,fr_wiki,Cornus sanguinea,Cornus sanguinea,271661-1,271661-1,Species
224,Cornus stolonifera,fr_wiki,Cornus sericea,Cornus sericea,66169-2,66169-2,Species
225,Cotoneaster sp.,fr_wiki,Cotoneaster,,,30040667-2,Genus
226,Daphne sp.,fr_wiki,Daphne,,,30024583-2,Genus
227,Delphinium sp.,fr_wiki,Delphinium,,,328251-2,Genus
228,Dictamnus albus,fr_wiki:hu_wiki,Dictamnus albus,Dictamnus albus,772356-1,772356-1,Species
229,Dieffenbachia sp.,fr_wiki,Dieffenbachia,,,30002878-2,Genus
230,Drimia maritima,fr_wiki,Drimia maritima,Drimia maritima,534538-1,534538-1,Species
231,Ephedra sinica,fr_wiki,Ephedra sinica,Ephedra sinica,383460-1,383460-1,Species
232,Equisetum palustre,fr_wiki:hu_wiki,Equisetum palustre,Equisetum palustre,30039890-2,30039890-2,Species
233,Euonymus japonicus,fr_wiki,Euonymus japonicus,Euonymus japonicus,160944-1,160944-1,Species
234,Euonymus latifolius,fr_wiki,Euonymus latifolius,Euonymus latifolius,160962-1,160962-1,Species
235,Euphorbia sp.,fr_wiki,Euphorbia,,,327729-2,Genus
236,Euphorbia pulcherrima sp.,fr_wiki,Euphorbia pulcherrima,Euphorbia pulcherrima,30176564-2,30176564-2,Species
237,Ferula communis,fr_wiki,Ferula communis,Ferula communis,842235-1,842235-1,Species
238,Galega officinalis,fr_wiki,Galega officinalis,Galega officinalis,495681-1,495681-1,Species
239,Gaultheria procumbens,fr_wiki,Gaultheria procumbens,Gaultheria procumbens,330655-1,330655-1,Species
240,Gelsemium elegans,fr_wiki,Gelsemium elegans,Gelsemium elegans,546348-1,546348-1,Species
241,Ginkgo biloba,fr_wiki,Ginkgo biloba,Ginkgo biloba,262125-1,262125-1,Species
242,Glyceria maxima,fr_wiki,Glyceria maxima,Glyceria maxima,404141-1,404141-1,Species
243,Gratiola officinalis,fr_wiki,Gratiola officinalis,Gratiola officinalis,803505-1,803505-1,Species
244,Helleborus sp.,fr_wiki,Helleborus,,,33158-1,Genus
245,Iris foetidissima,fr_wiki,Iris foetidissima,Iris foetidissima,438606-1,438606-1,Species
246,Iris pseudacorus,fr_wiki,Iris pseudacorus,Iris pseudacorus,438992-1,438992-1,Species
247,Juniperus sabina,fr_wiki:hu_wiki,Juniperus sabina,Juniperus sabina,30166980-2,30166980-2,Species
248,Ledum palustre,fr_wiki,Rhododendron tomentosum,Rhododendron tomentosum,961622-1,961622-1,Species
249,Leucojum vernum sp.,fr_wiki,Leucojum vernum,Leucojum vernum,65769-1,65769-1,Species
250,Ligustrum vulgare,fr_wiki:hu_wiki,Ligustrum vulgare,Ligustrum vulgare,610130-1,610130-1,Species
251,Lonicera caprifolium,fr_wiki,Lonicera caprifolium,Lonicera caprifolium,148670-1,148670-1,Species
252,Lonicera xylosteum,fr_wiki,Lonicera xylosteum,Lonicera xylosteum,149194-1,149194-1,Species
253,Lupinus sp.,fr_wiki,Lupinus,,,60436956-2,Genus
254,Lycium europaeum,fr_wiki,Lycium europaeum,Lycium europaeum,816435-1,816435-1,Species
255,Lycium barbarum,fr_wiki,Lycium barbarum,Lycium barbarum,816356-1,816356-1,Species
256,Maianthemum bifolium,fr_wiki,Maianthemum bifolium,Maianthemum bifolium,30042358-2,30042358-2,Species
257,Momordica charantia,fr_wiki,Momordica charantia,Momordica charantia,293413-1,293413-1,Species
258,Monstera deliciosa,fr_wiki,Monstera deliciosa,Monstera deliciosa,87478-1,87478-1,Species
259,Narcissus pseudonarcissus,fr_wiki,Narcissus pseudonarcissus,Narcissus pseudonarcissus,66177-1,66177-1,Species
260,Nicandra physaloides,fr_wiki,,,,,
261,Ornithogalum umbellatum,fr_wiki,Ornithogalum umbellatum,Ornithogalum umbellatum,539600-1,539600-1,Species
262,Papaver somniferum,fr_wiki:hu_wiki,Papaver somniferum,Papaver somniferum,673724-1,673724-1,Species
263,Parthenocissus quinquefolia,fr_wiki,Parthenocissus quinquefolia,Parthenocissus quinquefolia,184091-2,184091-2,Species
264,Philodendron sp.,fr_wiki,Philodendron,,,326132-2,Genus
265,Physalis alkekengi,fr_wiki,Physalis lagascae,Physalis lagascae,817449-1,817449-1,Species
266,Phytolacca americana syn.esculenta,fr_wiki,Phytolacca americana,Phytolacca americana,323290-2,323290-2,Species
267,Pinus ponderosa,fr_wiki,Pinus ponderosa,Pinus ponderosa,307165-2,307165-2,Species
268,Polygonatum odoratum,fr_wiki,Polygonatum odoratum,Polygonatum odoratum,540195-1,540195-1,Species
269,Polygonatum verticillatum,fr_wiki,Polygonatum verticillatum,Polygonatum verticillatum,540250-1,540250-1,Species
270,Pyracantha sp.,fr_wiki,Pyracantha,,,30154448-2,Genus
271,Ranunculus sp.,fr_wiki,Ranunculus,,,30002060-2,Genus
272,Rauwolfia sp.,fr_wiki,Citharexylum,,,330592-2,Genus
273,Rhamnus frangula (ou Frangula alnus),fr_wiki,Frangula alnus,Frangula alnus,717344-1,717344-1,Species
274,Rheum sp.,fr_wiki,,,,,
275,Rhododendron sp.,fr_wiki,Rhododendron,,,327085-2,Genus
276,Robinia pseudoacacia,fr_wiki:hu_wiki,Robinia pseudoacacia,Robinia pseudoacacia,30034699-2,30034699-2,Species
277,Rosa canina,fr_wiki,Rosa canina,Rosa canina,731955-1,731955-1,Species
278,Ruscus aculeatus,fr_wiki,Ruscus aculeatus,Ruscus aculeatus,540443-1,540443-1,Species
279,Ruta graveolens,fr_wiki:hu_wiki,Ruta graveolens,Ruta graveolens,775099-1,775099-1,Species
280,Sambucus ebulus,fr_wiki:hu_wiki,Sambucus ebulus,Sambucus ebulus,149315-1,149315-1,Species
281,Sambucus nigra,fr_wiki,Sambucus nigra,Sambucus nigra,30122169-2,30122169-2,Species
282,Sambucus racemosa,fr_wiki,Sambucus racemosa,Sambucus racemosa,30056767-2,30056767-2,Species
283,Saponaria officinalis,fr_wiki,Saponaria officinalis,Saponaria officinalis,156627-1,156627-1,Species
284,Senecio inaequidens,fr_wiki,Senecio inaequidens,Senecio inaequidens,245637-1,245637-1,Species
285,Senecio jacobaea,fr_wiki,Jacobaea maritima subsp. maritima,Jacobaea maritima,77075194-1,77180722-1,Subspecies
286,Senecio vulgaris,fr_wiki,Senecio vulgaris,Senecio vulgaris,248251-1,248251-1,Species
287,Skimmia japonica,fr_wiki,Skimmia japonica,Skimmia japonica,775237-1,775237-1,Species
288,Solanum villosum,fr_wiki,Solanum villosum,Solanum villosum,285344-2,285344-2,Species
289,Sorbus aucuparia,fr_wiki,Sorbus aucuparia,Sorbus aucuparia,741641-1,741641-1,Species
290,Sorghum bicolor,fr_wiki,Sorghum bicolor,Sorghum bicolor,422090-1,422090-1,Species
291,Spartium junceum,fr_wiki,Spartium junceum,Spartium junceum,519057-1,519057-1,Species
292,Streptopus amplexifolius,fr_wiki,Streptopus amplexifolius,Streptopus amplexifolius,1160363-2,1160363-2,Species
293,Strophanthus sp.,fr_wiki,Strophanthus,,,2582-1,Genus
294,Strophanthus kombe,fr_wiki,Strophanthus kombe,Strophanthus kombe,81909-1,81909-1,Species
295,Symphoricarpos albus,fr_wiki,Symphoricarpos albus,Symphoricarpos albus,149485-1,149485-1,Species
296,Taxus cuspidata,fr_wiki,Taxus cuspidata,Taxus cuspidata,324379-2,324379-2,Species
297,Teucrium chamaedrys,fr_wiki,Teucrium chamaedrys,Teucrium chamaedrys,460310-1,460310-1,Species
298,Thuja occidentalis,fr_wiki:hu_wiki,Thuja occidentalis,Thuja occidentalis,263956-1,263956-1,Species
299,Toxicodendron radicans,fr_wiki,Toxicodendron radicans,Toxicodendron radicans,255769-2,255769-2,Species
300,Trichosanthes kirilowii,fr_wiki,Trichosanthes kirilowii,Trichosanthes kirilowii,294222-1,294222-1,Species
301,Tulipa sp.,fr_wiki,Tulipa,,,24874-1,Genus
302,Urginea maritima,fr_wiki,Drimia maritima,Drimia maritima,534538-1,534538-1,Species
303,Viburnum lantana,fr_wiki,Viburnum lantana,Viburnum lantana,326265-2,326265-2,Species
304,Viburnum opulus,fr_wiki,Viburnum opulus,Viburnum opulus,326268-2,326268-2,Species
305,Viburnum rhytidophyllum,fr_wiki,Viburnum rhytidophyllum,Viburnum rhytidophyllum,149902-1,149902-1,Species
306,Viburnum tinus,fr_wiki,Viburnum tinus,Viburnum tinus,326271-2,326271-2,Species
307,Vinca minor,fr_wiki,Vinca minor,Vinca minor,82701-1,82701-1,Species
308,Viscum album,fr_wiki:hu_wiki,Viscum album,Viscum album,300881-2,300881-2,Species
309,Cascabela thevetia (Thevetia peruviana ),hr_wiki,Cascabela thevetia,Cascabela thevetia,47927-2,47927-2,Species
310,Heracleum spp.,hr_wiki,Heracleum,,,30054087-2,Genus
311,Tanacetum vulgare,hr_wiki,Tanacetum vulgare,Tanacetum vulgare,252568-1,252568-1,Species
312,Senecio sp.,hu_wiki,Senecio,,,325904-2,Genus
313,Phytolacca americana,hu_wiki,Phytolacca americana,Phytolacca americana,323290-2,323290-2,Species
314,Aloe vera,hu_wiki,Aloe vera,Aloe vera,530017-1,530017-1,Species
315,Secale cornutum,hu_wiki,,,,,
316,Maianthenum bifolium,hu_wiki,,,,,
317,Berberis sp.,hu_wiki,Berberis,,,328526-2,Genus
318,Juniperus communis,hu_wiki,Juniperus communis,Juniperus communis,30088655-2,30088655-2,Species
319,Caragana arborescens,hu_wiki,Caragana arborescens,Caragana arborescens,483792-1,483792-1,Species
320,Dieffenbachia picta,hu_wiki,Dieffenbachia seguine,Dieffenbachia seguine,86911-1,86911-1,Species
321,Tagetes sp.,hu_wiki,Tagetes,,,325872-2,Genus
322,Cyclamen purpurascens,hu_wiki,Cyclamen purpurascens,Cyclamen purpurascens,700772-1,700772-1,Species
323,Lupinus-fajok,hu_wiki,Lupinus,,,60436956-2,Genus
324,Primula obconia,hu_wiki,,,,,
325,Loranthus europaeus,hu_wiki,Loranthus europaeus,Loranthus europaeus,549404-1,549404-1,Species
326,Euphorbia cyparissias,hu_wiki,Euphorbia cyparissias,Euphorbia cyparissias,346205-1,346205-1,Species
327,"Narcissus pseudonarcissus, N. poëticus",hu_wiki,Narcissus pseudonarcissus,Narcissus pseudonarcissus,66177-1,66177-1,Species
328,Digitalis lanata,hu_wiki,Digitalis lanata,Digitalis lanata,802028-1,802028-1,Species
329,Symphoricarpos rivularis,hu_wiki,Symphoricarpos albus var. laevigatus,Symphoricarpos albus,149485-1,247030-2,Variety
330,Asarum europaeum,hu_wiki,Asarum europaeum,Asarum europaeum,302682-2,302682-2,Species
331,Euonymus europaea,hu_wiki,Euonymus europaeus,Euonymus europaeus,160876-1,160876-1,Species
332,Lobelia erinus,hu_wiki,Lobelia erinus,Lobelia erinus,143240-1,143240-1,Species
333,Clivia minuta,hu_wiki,,,,,
334,Frangula alnus,hu_wiki,Frangula alnus,Frangula alnus,717344-1,717344-1,Species
335,Lonicera sp.,hu_wiki,Lonicera,,,30006074-2,Genus
336,Cotoneaster horisontalis,hu_wiki,,,,,
337,Amygdalus communis,hu_wiki,Prunus davidiana var. davidiana,Prunus davidiana,729634-1,77231023-1,Variety
338,Datura sp.,hu_wiki,Datura,,,30002853-2,Genus
339,Heracleum sphondylium,hu_wiki,Heracleum sphondylium,Heracleum sphondylium,843179-1,843179-1,Species
340,Vincetoxicum hirudinaria,hu_wiki,,,,,
341,Lactuca virosa,hu_wiki,Lactuca virosa,Lactuca virosa,329493-2,329493-2,Species
342,Oenanthe aquatica,hu_wiki,Oenanthe aquatica,Oenanthe aquatica,845226-1,845226-1,Species
343,Urtica dioica,hu_wiki,Urtica dioica,Urtica dioica,260630-2,260630-2,Species
344,Corydalis cava,hu_wiki,Corydalis cava,Corydalis cava,672129-1,672129-1,Species
345,Hypericum perforatum,hu_wiki,Hypericum perforatum,Hypericum perforatum,433719-1,433719-1,Species
346,Angelica archangelica,hu_wiki,Angelica archangelica,Angelica archangelica,837560-1,837560-1,Species
347,Pastinaca sativa,hu_wiki,Pastinaca sativa,Pastinaca sativa,845768-1,845768-1,Species
348,Ambrus precatorius,hu_wiki,,,,,
349,Tamus cxommunis,hu_wiki,,,,,
350,Helleborus purpurascens,hu_wiki,Helleborus purpurascens,Helleborus purpurascens,711362-1,711362-1,Species
351,Colutea arborescens,hu_wiki,Colutea arborescens,Colutea arborescens,486805-1,486805-1,Species
352,Colocynthis vulgaris,hu_wiki,Citrullus colocynthis,Citrullus colocynthis,291930-1,291930-1,Species
353,Aconitum sp.,hu_wiki,Aconitum,,,326013-2,Genus
354,Delphinium consolida,hu_wiki,Delphinium consolida,Delphinium consolida,306669-2,306669-2,Species
355,Rhus sp.,hu_wiki,Rhus,,,30005665-2,Genus
356,Pyracantha coccinea,hu_wiki,Pyracantha coccinea,Pyracantha coccinea,730611-1,730611-1,Species
